order_id;date;product;category;region;quantity;unit_price;revenue
ORD-2025-00001;2025/11/24;  MacBook Pro 16   ;Electronics;Asia-Pacific;1;2.499,00 €;2.499,00 €
ORD-2025-00001;2025/11/24;  MacBook Pro 16   ;Electronics;Asia-Pacific;1;2.499,00 €;2.499,00 €
;;;;;;;
ORD-2025-00002;13/12/2025;Ergonomic   Chair;Furniture;North America;2;$349.00;$698.00
ORD-2025-00003;04-22-2025;MacBook Pro 16;Electronics;North America;2;$2,499.00;$4,998.00
ORD-2025-00004;12-26-2025;27-INCH 4K MONITOR;Electronics;Europe;1;499.0;499.0
ORD-2025-00005;23/03/2025;Standing   Desk;Furniture;Asia-Pacific;null;$539.10;$539.10
ORD-2025-00006;None;MACBOOK PRO 16;Electronics;North America;1;2499.0;2499.0
ORD-2025-00007;16/05/2025;ERGONOMIC CHAIR;Furniture;;2;$349.00;$698.00
ORD-2025-00008;07-13-2025;  MacBook Pro 16   ;Electronics;Asia-Pacific;3;$2,499.00;$7,497.00
ORD-2025-00009;05/07/2025;27-INCH 4K MONITOR;Electronics;North America;1;449.1;449.1
ORD-2025-00010;2025/02/10;Noise-Cancelling Headphones;Electronics;North America;1;$299.00;$299.00
ORD-2025-00011;06/07/2025;MacBook   Pro   16;Electronics;Asia-Pacific;1;2499.0;2499.0
ORD-2025-00012;08/11/2025;STANDING DESK;Furniture;Europe;1;599.0;599.0
ORD-2025-00013;2025/11/24;Standing   Desk;Furniture;Europe;2;599.0;$1,198.00
ORD-2025-00014;2025/01/29;  MacBook Pro 16   ;Electronics;North America;3;2.499,00 €;7.497,00 €
ORD-2025-00015;2025-02-03;MacBook Pro 16;Electronics;Asia-Pacific;1;2499.0;2499.0
ORD-2025-00016;26/11/2025;27-inch   4K   Monitor;Electronics;Asia-Pacific;1;499.0;$499.00
ORD-2025-00017;2025-10-03;DELL XPS 15;Electronics;Latin America;4;1899.0;7596.0
ORD-2025-00018;23/04/2025;wireless mouse;Office Supplies;Europe;2;29.0;58.0
ORD-2025-00019;2025/02/26;MACBOOK PRO 16;Electronics;Europe;3;$2,499.00;$7,497.00
ORD-2025-00020;2025/02/02;DELL XPS 15;Electronics;Latin America;2;1899.0;$3,798.00
ORD-2025-00021;06/01/2025;STANDING DESK;Furniture;North America;2;599.0;1198.0
ORD-2025-00022;2025-05-17;ergonomic chair;Furniture;Asia-Pacific;1;349.0;349.0
ORD-2025-00023;21/08/2025;macbook pro 16;Electronics;Asia-Pacific;8;$2,499.00;$19,992.00
ORD-2025-00024;2025-09-17;EXTERNAL SSD 1TB;Electronics;Asia-Pacific;3;129.0;387.0
ORD-2025-00025;2025-04-12;MacBook Pro 16;Electronics;Europe;2;2499.0;$4,998.00
ORD-2025-00026;2025/09/29;external ssd 1tb;Electronics;Asia-Pacific;1;116.1;116.1
ORD-2025-00027;07/06/2025;MacBook   Pro   16;Electronics;Europe;4;2499.0;9996.0
ORD-2025-00028;13/02/2025;ERGONOMIC CHAIR;Furniture;North America;None;349,00 €;2.792,00 €
ORD-2025-00029;2025-03-06;MacBook Pro 16;Electronics;Latin America;5;2124.15;10620.75
ORD-2025-00030;19/04/2025;  External SSD 1TB   ;Electronics;Europe;2;129,00 €;258,00 €
ORD-2025-00031;;STANDING DESK;Furniture;Latin America;4;599.0;$2,396.00
ORD-2025-00032;07/05/2025;MacBook Pro 16;Electronics;Asia-Pacific;1;$2,499.00;$2,499.00
ORD-2025-00033;NA;macbook pro 16;Electronics;North America;2;2.499,00 €;4.998,00 €
ORD-2025-00034;17/01/2025;  Noise-Cancelling Headphones   ;Electronics;North America;2;254.15;508.3
ORD-2025-00035;04-20-2025;27-inch   4K   Monitor;Electronics;Latin America;1;$499.00;$499.00
ORD-2025-00036;07-28-2025;MacBook Pro 16;Electronics;North America;2;$2,499.00;$4,998.00
ORD-2025-00037;None;27-inch   4K   Monitor;Electronics;North America;2;$499.00;$998.00
ORD-2025-00038;2025/02/20;  MacBook Pro 16   ;Electronics;Asia-Pacific;3;2374.05;7122.15
ORD-2025-00039;2025/04/08;27-INCH 4K MONITOR;Electronics;Europe;1;$474.05;$474.05
ORD-2025-00040;2025-02-08;DELL XPS 15;Electronics;North America;1;1899.0;1899.0
ORD-2025-00041;08/01/2025;Mechanical   Keyboard;Electronics;Europe;1;119.0;119.0
ORD-2025-00042;2025/04/20;  Noise-Cancelling Headphones   ;Electronics;North America;1;254.15;$254.15
ORD-2025-00043;05-16-2025;EXTERNAL SSD 1TB;Electronics;Latin America;1;129,00 €;129,00 €
ORD-2025-00044;12/10/2025;  Standing Desk   ;Furniture;Latin America;1;$599.00;$599.00
ORD-2025-00045;2025/10/24;ergonomic chair;Furniture;North America;2;296.65;593.3
ORD-2025-00046;;  External SSD 1TB   ;Electronics;Europe;1;129.0;129.0
ORD-2025-00046;;  External SSD 1TB   ;Electronics;Europe;1;129.0;129.0
ORD-2025-00047;2025-04-06;MacBook Pro 16;Electronics;North America;2;2.499,00 €;4.998,00 €
ORD-2025-00048;19/10/2025;MacBook   Pro   16;Electronics;North America;2;$2,499.00;$4,998.00
ORD-2025-00049;2025-10-26;27-INCH 4K MONITOR;Electronics;Asia-Pacific;5;449,10 €;2.245,50 €
ORD-2025-00050;05-03-2025;DELL XPS 15;Electronics;Europe;2;$1,709.10;$3,418.20
ORD-2025-00051;None;MacBook Pro 16;Electronics;North America;1;2249.1;2249.1
ORD-2025-00052;2025/03/09;External SSD 1TB;Electronics;North America;-;129.0;516.0
ORD-2025-00053;03-22-2025;Dell   XPS   15;Electronics;Asia-Pacific;2;1899.0;3798.0
ORD-2025-00054;2025/12/01;  27-inch 4K Monitor   ;Electronics;Asia-Pacific;5;$474.05;$2,370.25
ORD-2025-00055;05-16-2025;macbook pro 16;Electronics;North America;2;2249.1;4498.2
ORD-2025-00056;06/11/2025;MacBook Pro 16;Electronics;Asia-Pacific;1;$2,499.00;$2,499.00
ORD-2025-00057;2025/05/16;27-inch 4K Monitor;Electronics;Asia-Pacific;4;499,00 €;1.996,00 €
ORD-2025-00058;2025-02-17;Standing Desk;Furniture;Asia-Pacific;1;599.0;599.0
ORD-2025-00059;2025/03/08;STANDING DESK;Furniture;Asia-Pacific;1;$599.00;$599.00
ORD-2025-00060;2025-12-28;DELL XPS 15;Electronics;North America;1;1.899,00 €;1.899,00 €
ORD-2025-00061;2025/12/20;  External SSD 1TB   ;Electronics;North America;3;129,00 €;387,00 €
ORD-2025-00062;17/03/2025;  Dell XPS 15   ;Electronics;North America;1;1899.0;1899.0
ORD-2025-00063;01-21-2025;noise-cancelling headphones;Electronics;Europe;2;299.0;$598.00
ORD-2025-00064;07-01-2025;Ergonomic Chair;Furniture;Latin America;8;349.0;2792.0
ORD-2025-00065;2025-05-02;Noise-Cancelling   Headphones;Electronics;Europe;4;269.1;1076.4
ORD-2025-00066;07-30-2025;Ergonomic Chair;Furniture;Europe;1;349,00 €;349,00 €
ORD-2025-00067;02-25-2025;  Dell XPS 15   ;Electronics;North America;3;$1,614.15;$4,842.45
ORD-2025-00068;None;  Dell XPS 15   ;Electronics;Europe;1;1899.0;1899.0
ORD-2025-00069;2025/07/24;DELL XPS 15;Electronics;North America;5;$1,614.15;$8,070.75
ORD-2025-00070;12-14-2025;SMART SPEAKER;Electronics;Asia-Pacific;5;80.1;400.5
ORD-2025-00071;2025/04/02;27-INCH 4K MONITOR;Electronics;Asia-Pacific;1;$499.00;$499.00
ORD-2025-00072;06-26-2025;ERGONOMIC CHAIR;Furniture;Asia-Pacific;1;349,00 €;349,00 €
ORD-2025-00073;03-01-2025;Dell XPS 15;Electronics;Europe;1;$1,899.00;$1,899.00
ORD-2025-00074;2025/01/01;27-inch 4K Monitor;Electronics;Europe;1;$449.10;$449.10
ORD-2025-00075;invalid-date-2025;dell xps 15;Electronics;North America;2;1.899,00 €;3.798,00 €
ORD-2025-00076;2025-06-08;STANDING DESK;Furniture;NA;1;569.05;569.05
ORD-2025-00077;2025-04-09;  Dell XPS 15   ;Electronics;Latin America;2;$1,899.00;$3,798.00
ORD-2025-00078;2025/11/12;27-inch 4K Monitor;Electronics;Latin America;2;449,10 €;898,20 €
ORD-2025-00079;2025/04/18;Dell XPS 15;Electronics;Asia-Pacific;1;$1,899.00;$1,899.00
ORD-2025-00080;04-20-2025;27-inch 4k monitor;Electronics;Europe;2;449.1;898.2
ORD-2025-00081;N/A;ergonomic chair;Furniture;Europe;2;331.55;663.1
ORD-2025-00082;17/03/2025;  MacBook Pro 16   ;Electronics;Europe;8;$2,499.00;$19,992.00
ORD-2025-00083;2025-02-07;27-inch 4k monitor;Electronics;Europe;2;499.0;998.0
ORD-2025-00084;24/07/2025;MacBook Pro 16;Electronics;North America;4;$2,499.00;$9,996.00
ORD-2025-00085;24/02/2025;Ergonomic   Chair;Furniture;Europe;1;349,00 €;349,00 €
ORD-2025-00086;2025/09/23;27-inch   4K   Monitor;Electronics;Europe;4;474,05 €;1.896,20 €
ORD-2025-00087;2025-08-26;STANDING DESK;Furniture;Asia-Pacific;5;$599.00;$2,995.00
ORD-2025-00088;10/11/2025;ergonomic chair;Furniture;Latin America;3;349,00 €;1.047,00 €
ORD-2025-00089;03-23-2025;ergonomic chair;Furniture;Latin America;1;349.0;349.0
ORD-2025-00090;2025-11-23;  Dell XPS 15   ;Electronics;Latin America;2;1899.0;3798.0
ORD-2025-00091;27/05/2025;MACBOOK PRO 16;Electronics;Asia-Pacific;1;2499.0;$2,499.00
ORD-2025-00091;27/05/2025;MACBOOK PRO 16;Electronics;Asia-Pacific;1;2499.0;$2,499.00
ORD-2025-00092;2025-03-12;MacBook Pro 16;Electronics;Latin America;2;2499.0;4998.0
ORD-2025-00093;02-02-2025;  Dell XPS 15   ;Electronics;Asia-Pacific;2;1899.0;3798.0
ORD-2025-00094;04-16-2025;Noise-Cancelling   Headphones;Electronics;Latin America;4;299.0;1196.0
ORD-2025-00095;12-23-2025;  MacBook Pro 16   ;Electronics;Latin America;1;2499.0;2499.0
ORD-2025-00096;2025-06-02;Ergonomic   Chair;Furniture;Latin America;2;349.0;698.0
ORD-2025-00097;05/11/2025;  Noise-Cancelling Headphones   ;Electronics;-;1;299.0;299.0
ORD-2025-00098;15/01/2025;DELL XPS 15;Electronics;Latin America;2;$1,899.00;$3,798.00
ORD-2025-00099;07/03/2025;  Smart Speaker   ;Electronics;North America;4;89.0;356.0
ORD-2025-00100;06/12/2025;MACBOOK PRO 16;Electronics;Latin America;1;$2,499.00;$2,499.00
ORD-2025-00101;01-26-2025;  Dell XPS 15   ;Electronics;Asia-Pacific;1;1899.0;$1,899.00
ORD-2025-00102;07-14-2025;Dell XPS 15;Electronics;Latin America;1;$1,899.00;$1,899.00
ORD-2025-00103;04/10/2025;macbook pro 16;Electronics;Asia-Pacific;1;2499.0;2499.0
ORD-2025-00104;01-16-2025;laser printer;Electronics;Europe;3;249.0;747.0
ORD-2025-00105;2025/05/03;MACBOOK PRO 16;Electronics;North America;2;2249.1;$4,498.20
ORD-2025-00106;2025/07/08;MacBook Pro 16;Electronics;-;3;2249.1;6747.3
ORD-2025-00107;2025/02/25;  27-inch 4K Monitor   ;Electronics;Asia-Pacific;2;$499.00;$998.00
ORD-2025-00108;12/07/2025;Dell XPS 15;Electronics;Europe;1;1.899,00 €;1.899,00 €
ORD-2025-00109;2025/11/18;  MacBook Pro 16   ;Electronics;Asia-Pacific;3;$2,499.00;$7,497.00
ORD-2025-00110;2025/03/03;ERGONOMIC CHAIR;Furniture;North America;1;349.0;349.0
ORD-2025-00111;2025/07/09;MacBook   Pro   16;Electronics;Asia-Pacific;1;2.499,00 €;2.499,00 €
ORD-2025-00112;09-08-2025;macbook pro 16;Electronics;Asia-Pacific;2;2499.0;4998.0
ORD-2025-00113;N/A;MACBOOK PRO 16;Electronics;Europe;2;2499.0;4998.0
ORD-2025-00114;2025-05-19;standing desk;Furniture;Latin America;1;599.0;$599.00
ORD-2025-00115;31/10/2025;dell xps 15;Electronics;Europe;3;1614.15;4842.45
ORD-2025-00116;2025-05-05;ergonomic chair;Furniture;;1;$349.00;$349.00
ORD-2025-00117;06-16-2025;macbook pro 16;Electronics;Europe;1;2.249,10 €;2.249,10 €
ORD-2025-00118;2025-11-02;standing desk;Furniture;Asia-Pacific;2;599,00 €;1.198,00 €
ORD-2025-00119;04-08-2025;  MacBook Pro 16   ;Electronics;Latin America;1;$2,499.00;$2,499.00
ORD-2025-00120;2025-12-20;  27-inch 4K Monitor   ;Electronics;Latin America;1;449.1;449.1
ORD-2025-00121;24/04/2025;Dell   XPS   15;Electronics;;1;1899.0;1899.0
;;;;;;;
ORD-2025-00122;2025/08/31;27-inch   4K   Monitor;Electronics;Asia-Pacific;1;$499.00;$499.00
ORD-2025-00123;19/06/2025;dell xps 15;Electronics;Latin America;1;1.899,00 €;1.899,00 €
ORD-2025-00124;null;dell xps 15;Electronics;Europe;1;1899.0;$1,899.00
ORD-2025-00125;;  Ergonomic Chair   ;Furniture;Asia-Pacific;8;$349.00;$2,792.00
ORD-2025-00126;2025/06/01;MacBook   Pro   16;Electronics;Europe;1;2.499,00 €;2.499,00 €
ORD-2025-00127;06/03/2025;DELL XPS 15;Electronics;North America;2;1899.0;$3,798.00
ORD-2025-00128;03-06-2025;Standing   Desk;Furniture;Latin America;1;539.1;539.1
ORD-2025-00129;08-29-2025;  27-inch 4K Monitor   ;Electronics;Asia-Pacific;1;424,15 €;424,15 €
ORD-2025-00130;2025/02/28;Noise-Cancelling Headphones;Electronics;Latin America;1;299.0;299.0
ORD-2025-00131;18/12/2025;MACBOOK PRO 16;Electronics;Europe;3;2499.0;$7,497.00
ORD-2025-00132;2025-02-13;LAPTOP STAND;Office Supplies;North America;2;49.0;$98.00
ORD-2025-00133;11-02-2025;  Ergonomic Chair   ;Furniture;Europe;3;349.0;$1,047.00
ORD-2025-00134;2025-08-15;  Dell XPS 15   ;Electronics;Latin America;1;1.899,00 €;1.899,00 €
ORD-2025-00135;2025-11-09;MECHANICAL KEYBOARD;Electronics;North America;5;113,05 €;565,25 €
ORD-2025-00136;16/05/2025;  Standing Desk   ;Furniture;Europe;1;599.0;599.0
ORD-2025-00136;16/05/2025;  Standing Desk   ;Furniture;Europe;1;599.0;599.0
ORD-2025-00137;03-22-2025;macbook pro 16;Electronics;Latin America;2;2.499,00 €;4.998,00 €
ORD-2025-00138;2025/01/17;MacBook Pro 16;Electronics;Asia-Pacific;2;2499.0;4998.0
ORD-2025-00139;12-18-2025;MacBook Pro 16;Electronics;Asia-Pacific;3;2499.0;$7,497.00
ORD-2025-00140;2025-12-05;ERGONOMIC CHAIR;Furniture;Europe;1;$349.00;$349.00
ORD-2025-00141;2025-11-28;MACBOOK PRO 16;Electronics;Asia-Pacific;3;2374.05;7122.15
ORD-2025-00142;07/06/2025;27-inch   4K   Monitor;Electronics;Asia-Pacific;1;499.0;$499.00
ORD-2025-00143;05/06/2025;  Standing Desk   ;Furniture;Asia-Pacific;2;599.0;1198.0
ORD-2025-00144;11/02/2025;27-inch 4K Monitor;Electronics;Latin America;2;499,00 €;998,00 €
ORD-2025-00145;14/01/2025;MacBook Pro 16;Electronics;North America;10;$2,499.00;$24,990.00
ORD-2025-00146;2025-05-18;27-INCH 4K MONITOR;Electronics;Europe;1;499,00 €;499,00 €
ORD-2025-00147;2025-05-23;  MacBook Pro 16   ;Electronics;Latin America;2;$2,499.00;$4,998.00
ORD-2025-00148;16/02/2025;27-inch   4K   Monitor;Electronics;Latin America;1;499.0;499.0
ORD-2025-00149;24/03/2025;  Dell XPS 15   ;Electronics;Latin America;1;$1,899.00;$1,899.00
ORD-2025-00150;2025-10-09;  MacBook Pro 16   ;Electronics;North America;-;2.499,00 €;2.499,00 €
ORD-2025-00151;07-26-2025;Noise-Cancelling   Headphones;Electronics;North America;2;299.0;$598.00
ORD-2025-00152;07-31-2025;MacBook   Pro   16;Electronics;Asia-Pacific;2;2499.0;4998.0
ORD-2025-00153;15/08/2025;Ergonomic   Chair;Furniture;Europe;1;314.1;$314.10
ORD-2025-00154;invalid-date-2025;Noise-Cancelling Headphones;Electronics;Latin America;1;299.0;299.0
ORD-2025-00155;08/11/2025;Ergonomic   Chair;Furniture;Europe;1;$296.65;$296.65
ORD-2025-00156;17/02/2025;MACBOOK PRO 16;Electronics;North America;1;2.374,05 €;2.374,05 €
ORD-2025-00157;invalid-date-2025;external ssd 1tb;Electronics;Asia-Pacific;2;109.65;$219.30
ORD-2025-00158;08-30-2025;  MacBook Pro 16   ;Electronics;Europe;1;2499.0;2499.0
ORD-2025-00159;18/09/2025;ERGONOMIC CHAIR;Furniture;Europe;3;$296.65;$889.95
ORD-2025-00160;invalid-date-2025;  External SSD 1TB   ;Electronics;Asia-Pacific;3;116.1;$348.30
ORD-2025-00161;10-28-2025;27-inch 4k monitor;Electronics;Latin America;3;$499.00;$1,497.00
ORD-2025-00162;09-05-2025;Dell   XPS   15;Electronics;Latin America;1;$1,899.00;$1,899.00
ORD-2025-00163;07/04/2025;SMART SPEAKER;Electronics;Europe;2;75,65 €;151,30 €
ORD-2025-00164;2025-01-23;Dell XPS 15;Electronics;Latin America;2;1899.0;3798.0
ORD-2025-00165;2025-07-17;webcam hd;Electronics;Europe;1;62.1;62.1
ORD-2025-00166;2025-02-21;NOISE-CANCELLING HEADPHONES;Electronics;Latin America;NA;299.0;$299.00
ORD-2025-00167;01-08-2025;ERGONOMIC CHAIR;Furniture;Latin America;4;349.0;1396.0
ORD-2025-00168;2025-02-08;27-inch 4k monitor;Electronics;Asia-Pacific;1;$499.00;$499.00
ORD-2025-00169;2025-11-29;  MacBook Pro 16   ;Electronics;Asia-Pacific;3;$2,499.00;$7,497.00
ORD-2025-00170;07-14-2025;  Laser Printer   ;Electronics;Latin America;;249.0;996.0
ORD-2025-00171;01/05/2025;  Standing Desk   ;Furniture;Asia-Pacific;10;599.0;$5,990.00
ORD-2025-00172;2025-08-11;SMART SPEAKER;Electronics;North America;1;89.0;89.0
ORD-2025-00173;01-15-2025;macbook pro 16;Electronics;North America;1;2499.0;2499.0
ORD-2025-00174;2025/03/16;  MacBook Pro 16   ;Electronics;Latin America;2;$2,499.00;$4,998.00
ORD-2025-00175;03-29-2025;  MacBook Pro 16   ;Electronics;Latin America;2;2374.05;4748.1
ORD-2025-00176;2025/04/29;27-inch 4k monitor;Electronics;Asia-Pacific;1;499.0;499.0
ORD-2025-00177;27/08/2025;External   SSD   1TB;Electronics;-;1;$129.00;$129.00
ORD-2025-00178;28/10/2025;DELL XPS 15;Electronics;Latin America;2;1899.0;3798.0
ORD-2025-00179;06-04-2025;MacBook   Pro   16;Electronics;Latin America;3;2.124,15 €;6.372,45 €
ORD-2025-00180;20/10/2025;Dell XPS 15;Electronics;Asia-Pacific;10;$1,614.15;$16,141.50
ORD-2025-00181;21/05/2025;MacBook   Pro   16;Electronics;North America;4;$2,499.00;$9,996.00
ORD-2025-00181;21/05/2025;MacBook   Pro   16;Electronics;North America;4;$2,499.00;$9,996.00
ORD-2025-00182;27/05/2025;ergonomic chair;Furniture;Europe;2;$349.00;$698.00
ORD-2025-00183;2025/11/22;MACBOOK PRO 16;Electronics;Asia-Pacific;2;2499.0;4998.0
ORD-2025-00184;2025-12-04;Standing   Desk;Furniture;Europe;2;$599.00;$1,198.00
ORD-2025-00185;11-27-2025;MacBook Pro 16;Electronics;Latin America;1;2.499,00 €;2.499,00 €
ORD-2025-00186;03-09-2025;MACBOOK PRO 16;Electronics;Asia-Pacific;1;2499.0;$2,499.00
ORD-2025-00187;13/04/2025;MACBOOK PRO 16;Electronics;Asia-Pacific;2;2.499,00 €;4.998,00 €
ORD-2025-00188;26/03/2025;Dell   XPS   15;Electronics;Latin America;5;1.709,10 €;8.545,50 €
ORD-2025-00189;2025-02-28;27-inch 4k monitor;Electronics;North America;1;$499.00;$499.00
ORD-2025-00190;N/A;ergonomic chair;Furniture;Latin America;5;349.0;1745.0
ORD-2025-00191;2025/07/07;MacBook   Pro   16;Electronics;Latin America;1;$2,499.00;$2,499.00
ORD-2025-00192;21/08/2025;DELL XPS 15;Electronics;Asia-Pacific;2;1899.0;3798.0
ORD-2025-00193;07-10-2025;  MacBook Pro 16   ;Electronics;Europe;1;$2,499.00;$2,499.00
ORD-2025-00194;15/10/2025;Dell XPS 15;Electronics;Europe;2;1.899,00 €;3.798,00 €
ORD-2025-00195;2025/08/26;External SSD 1TB;Electronics;Asia-Pacific;2;129.0;258.0
ORD-2025-00196;invalid-date-2025;Dell XPS 15;Electronics;Latin America;1;$1,804.05;$1,804.05
ORD-2025-00197;2025-07-18;  27-inch 4K Monitor   ;Electronics;Latin America;2;499.0;998.0
ORD-2025-00198;01/08/2025;Standing Desk;Furniture;Latin America;2;599,00 €;1.198,00 €
ORD-2025-00199;2025-05-24;MacBook   Pro   16;Electronics;Asia-Pacific;1;$2,499.00;$2,499.00
ORD-2025-00200;01/05/2025;noise-cancelling headphones;Electronics;North America;8;299.0;2392.0
ORD-2025-00201;11-27-2025;  Dell XPS 15   ;Electronics;Latin America;1;1.899,00 €;1.899,00 €
ORD-2025-00202;08-21-2025;MacBook   Pro   16;Electronics;Europe;2;$2,499.00;$4,998.00
ORD-2025-00203;11/01/2025;MACBOOK PRO 16;Electronics;Asia-Pacific;1;2374.05;2374.05
ORD-2025-00204;2025/02/05;Noise-Cancelling Headphones;Electronics;Europe;2;299,00 €;598,00 €
ORD-2025-00205;04-30-2025;Dell XPS 15;Electronics;Europe;3;1.899,00 €;5.697,00 €
ORD-2025-00206;22/05/2025;Noise-Cancelling Headphones;Electronics;Europe;8;$299.00;$2,392.00
ORD-2025-00207;2025/03/31;macbook pro 16;Electronics;North America;1;$2,499.00;$2,499.00
ORD-2025-00208;2025-05-02;27-INCH 4K MONITOR;Electronics;North America;1;424,15 €;424,15 €
ORD-2025-00209;27/09/2025;macbook pro 16;Electronics;North America;1;$2,499.00;$2,499.00
ORD-2025-00210;invalid-date-2025;27-INCH 4K MONITOR;Electronics;Latin America;2;499.0;998.0
ORD-2025-00211;01-23-2025;  Ergonomic Chair   ;Furniture;Asia-Pacific;1;349,00 €;349,00 €
ORD-2025-00212;01/02/2025;wireless mouse;Office Supplies;Latin America;1;24,65 €;24,65 €
ORD-2025-00213;2025-02-07;NOISE-CANCELLING HEADPHONES;Electronics;Asia-Pacific;2;269.1;538.2
ORD-2025-00214;16/11/2025;  Standing Desk   ;Furniture;Asia-Pacific;1;599.0;$599.00
ORD-2025-00215;31/05/2025;27-inch   4K   Monitor;Electronics;Latin America;1;499.0;499.0
ORD-2025-00216;02/12/2025;standing desk;Furniture;Europe;1;599.0;599.0
ORD-2025-00217;2025/07/31;DELL XPS 15;Electronics;Latin America;1;1899.0;1899.0
ORD-2025-00218;2025-06-10;  Dell XPS 15   ;Electronics;Asia-Pacific;1;1.614,15 €;1.614,15 €
ORD-2025-00219;2025/02/04;MacBook   Pro   16;Electronics;North America;1;2.249,10 €;2.249,10 €
ORD-2025-00220;2025-03-08;27-inch 4K Monitor;Electronics;Asia-Pacific;2;499.0;998.0
ORD-2025-00221;07/12/2025;  Laser Printer   ;Electronics;Latin America;3;249.0;$747.00
ORD-2025-00222;2025/05/28;STANDING DESK;Furniture;Asia-Pacific;1;599,00 €;599,00 €
ORD-2025-00223;21/03/2025;Standing Desk;Furniture;Europe;3;$599.00;$1,797.00
ORD-2025-00224;10-12-2025;DELL XPS 15;Electronics;Asia-Pacific;2;1899.0;3798.0
ORD-2025-00225;10-15-2025;MECHANICAL KEYBOARD;Electronics;North America;2;119,00 €;238,00 €
ORD-2025-00226;invalid-date-2025;  Dell XPS 15   ;Electronics;Europe;1;1899.0;1899.0
ORD-2025-00226;invalid-date-2025;  Dell XPS 15   ;Electronics;Europe;1;1899.0;1899.0
ORD-2025-00227;06-23-2025;dell xps 15;Electronics;Europe;N/A;$1,899.00;$5,697.00
ORD-2025-00228;07-25-2025;macbook pro 16;Electronics;North America;1;$2,499.00;$2,499.00
ORD-2025-00229;07-12-2025;dell xps 15;Electronics;Asia-Pacific;1;1899.0;1899.0
ORD-2025-00230;invalid-date-2025;Ergonomic   Chair;Furniture;North America;4;349.0;1396.0
ORD-2025-00231;12/12/2025;MACBOOK PRO 16;Electronics;Latin America;2;2499.0;4998.0
ORD-2025-00232;08-15-2025;Dell   XPS   15;Electronics;Europe;3;1614.15;4842.45
ORD-2025-00233;2025/02/26;dell xps 15;Electronics;Latin America;2;1.899,00 €;3.798,00 €
ORD-2025-00234;2025/04/23;dell xps 15;Electronics;North America;1;$1,899.00;$1,899.00
ORD-2025-00235;04-19-2025;ergonomic chair;Furniture;Asia-Pacific;1;296.65;$296.65
ORD-2025-00236;08-09-2025;MACBOOK PRO 16;Electronics;Latin America;2;2.249,10 €;4.498,20 €
ORD-2025-00237;2025-02-06;DELL XPS 15;Electronics;North America;1;1899.0;1899.0
ORD-2025-00238;02-09-2025;NOISE-CANCELLING HEADPHONES;Electronics;Latin America;2;$299.00;$598.00
ORD-2025-00239;02/08/2025;DELL XPS 15;Electronics;Latin America;1;$1,899.00;$1,899.00
ORD-2025-00240;2025/11/13;27-inch 4K Monitor;Electronics;Asia-Pacific;1;499.0;499.0
ORD-2025-00241;2025/05/05;Dell   XPS   15;Electronics;Latin America;2;1.899,00 €;3.798,00 €
;;;;;;;
ORD-2025-00242;06-08-2025;ergonomic chair;Furniture;Europe;1;$349.00;$349.00
ORD-2025-00243;2025-09-29;  27-inch 4K Monitor   ;Electronics;Asia-Pacific;;$499.00;$499.00
ORD-2025-00244;27/11/2025;ergonomic chair;Furniture;Europe;1;331.55;$331.55
ORD-2025-00245;05/11/2025;MACBOOK PRO 16;Electronics;North America;1;2499.0;2499.0
ORD-2025-00246;10/09/2025;27-INCH 4K MONITOR;Electronics;Latin America;2;499,00 €;998,00 €
ORD-2025-00247;11-26-2025;standing desk;Furniture;Asia-Pacific;3;$599.00;$1,797.00
ORD-2025-00248;19/03/2025;dell xps 15;Electronics;Latin America;1;1899.0;1899.0
ORD-2025-00249;21/05/2025;27-INCH 4K MONITOR;Electronics;Asia-Pacific;2;499.0;998.0
ORD-2025-00250;20/08/2025;MACBOOK PRO 16;Electronics;Asia-Pacific;3;$2,499.00;$7,497.00
ORD-2025-00251;11-11-2025;  27-inch 4K Monitor   ;Electronics;Latin America;1;499,00 €;499,00 €
ORD-2025-00252;01-22-2025;  Dell XPS 15   ;Electronics;Europe;1;1899.0;1899.0
ORD-2025-00253;19/03/2025;laser printer;Electronics;Latin America;1;$249.00;$249.00
ORD-2025-00254;null;smart speaker;Electronics;North America;2;$84.55;$169.10
ORD-2025-00255;29/12/2025;  Dell XPS 15   ;Electronics;Latin America;2;1.899,00 €;3.798,00 €
ORD-2025-00256;07-06-2025;  Dell XPS 15   ;Electronics;Asia-Pacific;1;1899.0;1899.0
ORD-2025-00257;12-14-2025;  27-inch 4K Monitor   ;Electronics;Asia-Pacific;1;$424.15;$424.15
ORD-2025-00258;26/05/2025;  Dell XPS 15   ;Electronics;Europe;1;$1,899.00;$1,899.00
ORD-2025-00259;03-14-2025;EXTERNAL SSD 1TB;Electronics;Asia-Pacific;5;129.0;645.0
ORD-2025-00260;20/07/2025;macbook pro 16;Electronics;North America;1;$2,499.00;$2,499.00
ORD-2025-00261;2025-06-18;Ergonomic Chair;Furniture;North America;2;$349.00;$698.00
ORD-2025-00262;2025-07-05;macbook pro 16;Electronics;Asia-Pacific;1;2124.15;2124.15
ORD-2025-00263;2025/04/09;  MacBook Pro 16   ;Electronics;Europe;1;$2,499.00;$2,499.00
ORD-2025-00264;17/09/2025;ERGONOMIC CHAIR;Furniture;North America;2;349,00 €;698,00 €
ORD-2025-00265;13/11/2025;MACBOOK PRO 16;Electronics;Latin America;1;2.374,05 €;2.374,05 €
ORD-2025-00266;13/08/2025;MACBOOK PRO 16;Electronics;Asia-Pacific;2;2124.15;$4,248.30
ORD-2025-00267;09/11/2025;DELL XPS 15;Electronics;Latin America;1;1.614,15 €;1.614,15 €
ORD-2025-00268;10/04/2025;  Dell XPS 15   ;Electronics;Latin America;1;1.614,15 €;1.614,15 €
ORD-2025-00269;15/09/2025;27-inch 4K Monitor;Electronics;Europe;3;499.0;$1,497.00
ORD-2025-00270;2025/03/12;  Noise-Cancelling Headphones   ;Electronics;North America;2;$299.00;$598.00
ORD-2025-00271;2025-10-11;external ssd 1tb;Electronics;North America;1;129.0;129.0
ORD-2025-00271;2025-10-11;external ssd 1tb;Electronics;North America;1;129.0;129.0
ORD-2025-00272;invalid-date-2025;DELL XPS 15;Electronics;Europe;3;1.804,05 €;5.412,15 €
ORD-2025-00273;08-19-2025;NOISE-CANCELLING HEADPHONES;Electronics;North America;1;$299.00;$299.00
ORD-2025-00274;-;MACBOOK PRO 16;Electronics;North America;1;2.499,00 €;2.499,00 €
ORD-2025-00275;29/11/2025;  Dell XPS 15   ;Electronics;Europe;1;1614.15;1614.15
ORD-2025-00276;2025/12/23;Noise-Cancelling   Headphones;Electronics;Latin America;1;$299.00;$299.00
ORD-2025-00277;2025/01/10;  Dell XPS 15   ;Electronics;Europe;2;1899.0;3798.0
ORD-2025-00278;2025/09/28;dell xps 15;Electronics;Asia-Pacific;1;$1,804.05;$1,804.05
ORD-2025-00279;2025-08-03;standing desk;Furniture;Latin America;1;$599.00;$599.00
ORD-2025-00280;13/09/2025;27-inch   4K   Monitor;Electronics;North America;2;$499.00;$998.00
ORD-2025-00281;03-15-2025;Dell   XPS   15;Electronics;North America;2;$1,614.15;$3,228.30
ORD-2025-00282;04-06-2025;standing desk;Furniture;North America;2;$599.00;$1,198.00
ORD-2025-00283;2025-09-27;27-INCH 4K MONITOR;Electronics;North America;1;499,00 €;499,00 €
ORD-2025-00284;22/11/2025;DELL XPS 15;Electronics;Asia-Pacific;1;1899.0;1899.0
ORD-2025-00285;26/06/2025;  MacBook Pro 16   ;Electronics;North America;3;$2,499.00;$7,497.00
ORD-2025-00286;06-20-2025;  MacBook Pro 16   ;Electronics;Asia-Pacific;2;2499.0;4998.0
ORD-2025-00287;2025-03-31;NOISE-CANCELLING HEADPHONES;Electronics;Latin America;8;$299.00;$2,392.00
ORD-2025-00288;04-04-2025;Ergonomic Chair;Furniture;North America;2;349.0;698.0
ORD-2025-00289;01-19-2025;Dell XPS 15;Electronics;North America;3;1899.0;5697.0
ORD-2025-00290;06-11-2025;External SSD 1TB;Electronics;Latin America;8;129.0;1032.0
ORD-2025-00291;10/05/2025;MACBOOK PRO 16;Electronics;Europe;1;2499.0;2499.0
ORD-2025-00292;25/01/2025;Noise-Cancelling   Headphones;Electronics;Asia-Pacific;1;299.0;299.0
ORD-2025-00293;12/08/2025;noise-cancelling headphones;Electronics;Latin America;4;299,00 €;1.196,00 €
ORD-2025-00294;2025-04-06;27-inch   4K   Monitor;Electronics;Latin America;1;$499.00;$499.00
ORD-2025-00295;05-17-2025;Ergonomic Chair;Furniture;Latin America;1;349.0;349.0
ORD-2025-00296;03/04/2025;27-inch 4k monitor;Electronics;Asia-Pacific;1;499.0;499.0
ORD-2025-00297;01/06/2025;dell xps 15;Electronics;Latin America;NA;1899.0;1899.0
ORD-2025-00298;17/08/2025;macbook pro 16;Electronics;Asia-Pacific;2;$2,499.00;$4,998.00
ORD-2025-00299;11-24-2025;SMART SPEAKER;Electronics;North America;1;89.0;89.0
ORD-2025-00300;07-06-2025;27-inch 4k monitor;Electronics;Europe;5;424.15;2120.75
ORD-2025-00301;18/01/2025;MacBook   Pro   16;Electronics;Europe;3;2499.0;7497.0
ORD-2025-00302;2025/07/16;LASER PRINTER;Electronics;North America;2;249,00 €;498,00 €
ORD-2025-00303;09/07/2025;Dell XPS 15;Electronics;North America;2;$1,899.00;$3,798.00
ORD-2025-00304;2025-07-23;DELL XPS 15;Electronics;null;1;$1,804.05;$1,804.05
ORD-2025-00305;09-13-2025;27-inch   4K   Monitor;Electronics;North America;1;$424.15;$424.15
ORD-2025-00306;2025/04/20;USB-C   Hub;Office Supplies;Asia-Pacific;2;39,00 €;78,00 €
ORD-2025-00307;13/04/2025;MACBOOK PRO 16;Electronics;North America;1;2.499,00 €;2.499,00 €
ORD-2025-00308;2025-08-16;  Wireless Mouse   ;Office Supplies;Asia-Pacific;2;29.0;58.0
ORD-2025-00309;None;  27-inch 4K Monitor   ;Electronics;Asia-Pacific;3;499,00 €;1.497,00 €
ORD-2025-00310;12-25-2025;Standing   Desk;Furniture;Asia-Pacific;2;$569.05;$1,138.10
ORD-2025-00311;2025/03/13;  MacBook Pro 16   ;Electronics;Latin America;1;$2,499.00;$2,499.00
ORD-2025-00312;08/07/2025;27-inch   4K   Monitor;Electronics;Europe;2;449.1;$898.20
ORD-2025-00313;07-23-2025;  Desk Pad   ;Office Supplies;Latin America;N/A;$19.00;$38.00
ORD-2025-00314;22/10/2025;MacBook Pro 16;Electronics;Asia-Pacific;2;2499.0;4998.0
ORD-2025-00315;15/12/2025;27-inch 4k monitor;Electronics;Europe;4;499.0;$1,996.00
ORD-2025-00316;24/11/2025;27-inch 4k monitor;Electronics;Europe;1;$499.00;$499.00
ORD-2025-00316;24/11/2025;27-inch 4k monitor;Electronics;Europe;1;$499.00;$499.00
ORD-2025-00317;29/01/2025;Noise-Cancelling Headphones;Electronics;Europe;;284,05 €;284,05 €
ORD-2025-00318;2025/06/27;LASER PRINTER;Electronics;Asia-Pacific;3;$224.10;$672.30
ORD-2025-00319;2025/03/06;  Standing Desk   ;Furniture;North America;2;569.05;1138.1
ORD-2025-00320;03-29-2025;standing desk;Furniture;Asia-Pacific;3;599.0;1797.0
ORD-2025-00321;NA;macbook pro 16;Electronics;Asia-Pacific;2;2.499,00 €;4.998,00 €
ORD-2025-00322;08-02-2025;standing desk;Furniture;North America;1;$599.00;$599.00
ORD-2025-00323;null;STANDING DESK;Furniture;Asia-Pacific;1;599.0;599.0
ORD-2025-00324;17/12/2025;Dell XPS 15;Electronics;Latin America;1;1614.15;1614.15
ORD-2025-00325;08-01-2025;27-INCH 4K MONITOR;Electronics;Europe;1;449.1;449.1
ORD-2025-00326;N/A;Smart   Speaker;Electronics;Europe;3;89.0;267.0
ORD-2025-00327;2025-02-24;  Dell XPS 15   ;Electronics;Latin America;1;$1,899.00;$1,899.00
ORD-2025-00328;14/03/2025;macbook pro 16;Electronics;Asia-Pacific;5;2.499,00 €;12.495,00 €
ORD-2025-00329;03/08/2025;MacBook   Pro   16;Electronics;Europe;3;2.499,00 €;7.497,00 €
ORD-2025-00330;06-10-2025;  MacBook Pro 16   ;Electronics;Europe;1;2499.0;2499.0
ORD-2025-00331;09-13-2025;  Noise-Cancelling Headphones   ;Electronics;Latin America;1;$299.00;$299.00
ORD-2025-00332;2025/09/16;27-inch 4K Monitor;Electronics;Europe;1;499.0;499.0
ORD-2025-00333;2025/01/26;dell xps 15;Electronics;Latin America;1;1.899,00 €;1.899,00 €
ORD-2025-00334;2025-08-09;MACBOOK PRO 16;Electronics;Asia-Pacific;2;2499.0;4998.0
ORD-2025-00335;07/07/2025;macbook pro 16;Electronics;North America;2;2.249,10 €;4.498,20 €
ORD-2025-00336;02-07-2025;dell xps 15;Electronics;Latin America;3;1899.0;5697.0
ORD-2025-00337;07/03/2025;smart speaker;Electronics;Latin America;1;89.0;$89.00
ORD-2025-00338;10-13-2025;external ssd 1tb;Electronics;Europe;1;129.0;129.0
ORD-2025-00339;2025/09/14;  MacBook Pro 16   ;Electronics;North America;1;2499.0;2499.0
ORD-2025-00340;08-31-2025;27-inch 4K Monitor;Electronics;Europe;2;499.0;998.0
ORD-2025-00341;06-17-2025;External   SSD   1TB;Electronics;Asia-Pacific;1;129.0;129.0
ORD-2025-00342;2025/06/03;27-inch 4k monitor;Electronics;Latin America;2;499.0;998.0
ORD-2025-00343;08/07/2025;DELL XPS 15;Electronics;North America;8;1899.0;15192.0
ORD-2025-00344;2025/12/19;Standing   Desk;Furniture;Latin America;1;599.0;$599.00
ORD-2025-00345;2025-10-24;  27-inch 4K Monitor   ;Electronics;North America;2;$424.15;$848.30
ORD-2025-00346;2025/03/17;Noise-Cancelling   Headphones;Electronics;Europe;-;299.0;299.0
ORD-2025-00347;2025/02/26;MacBook   Pro   16;Electronics;Latin America;1;2374.05;2374.05
ORD-2025-00348;07-30-2025;27-INCH 4K MONITOR;Electronics;Latin America;4;$499.00;$1,996.00
ORD-2025-00349;2025-02-01;Standing   Desk;Furniture;Europe;2;599,00 €;1.198,00 €
ORD-2025-00350;09-02-2025;27-inch 4K Monitor;Electronics;Asia-Pacific;5;$499.00;$2,495.00
ORD-2025-00351;2025-09-30;dell xps 15;Electronics;Asia-Pacific;2;1899.0;3798.0
ORD-2025-00352;2025-12-15;standing desk;Furniture;Asia-Pacific;NA;569.05;1138.1
ORD-2025-00353;05-23-2025;27-inch 4k monitor;Electronics;Europe;5;499.0;2495.0
ORD-2025-00354;2025/05/28;standing desk;Furniture;Latin America;1;599,00 €;599,00 €
ORD-2025-00355;05-21-2025;DELL XPS 15;Electronics;Latin America;4;1.899,00 €;7.596,00 €
ORD-2025-00356;2025-06-26;  Laser Printer   ;Electronics;Europe;1;249.0;249.0
ORD-2025-00357;2025-06-27;external ssd 1tb;Electronics;Asia-Pacific;2;$116.10;$232.20
ORD-2025-00358;15/10/2025;  Standing Desk   ;Furniture;Europe;1;$599.00;$599.00
ORD-2025-00359;03/05/2025;MacBook Pro 16;Electronics;Europe;2;$2,124.15;$4,248.30
ORD-2025-00360;19/06/2025;Standing Desk;Furniture;North America;2;569.05;$1,138.10
ORD-2025-00361;07-28-2025;Standing   Desk;Furniture;Latin America;1;539.1;539.1
ORD-2025-00361;07-28-2025;Standing   Desk;Furniture;Latin America;1;539.1;539.1
;;;;;;;
ORD-2025-00362;null;Dell   XPS   15;Electronics;North America;4;$1,804.05;$7,216.20
ORD-2025-00363;2025-10-01;Ergonomic Chair;Furniture;North America;4;331,55 €;1.326,20 €
ORD-2025-00364;01-19-2025;Wireless   Mouse;Office Supplies;Latin America;3;26.1;78.3
ORD-2025-00365;2025-01-20;  MacBook Pro 16   ;Electronics;North America;4;2499.0;$9,996.00
ORD-2025-00366;2025/08/21;WEBCAM HD;Electronics;Latin America;4;58.65;234.6
ORD-2025-00367;2025-05-20;MacBook   Pro   16;Electronics;NA;1;$2,499.00;$2,499.00
ORD-2025-00368;28/11/2025;Dell XPS 15;Electronics;Europe;1;1899.0;1899.0
ORD-2025-00369;01/06/2025;  27-inch 4K Monitor   ;Electronics;Europe;1;499.0;499.0
ORD-2025-00370;27/07/2025;NOISE-CANCELLING HEADPHONES;Electronics;Asia-Pacific;1;299.0;299.0
ORD-2025-00371;04-05-2025;Smart   Speaker;Electronics;Latin America;1;80.1;$80.10
ORD-2025-00372;2025-07-16;MACBOOK PRO 16;Electronics;Asia-Pacific;5;2499.0;12495.0
ORD-2025-00373;21/10/2025;MACBOOK PRO 16;Electronics;Asia-Pacific;2;$2,499.00;$4,998.00
ORD-2025-00374;27/08/2025;DELL XPS 15;Electronics;Latin America;2;1899.0;3798.0
ORD-2025-00375;12-27-2025;ERGONOMIC CHAIR;Furniture;North America;2;$349.00;$698.00
ORD-2025-00376;07-08-2025;STANDING DESK;Furniture;Europe;5;599,00 €;2.995,00 €
ORD-2025-00377;2025-08-21;ergonomic chair;Furniture;Asia-Pacific;1;349.0;349.0
ORD-2025-00378;08-30-2025;ergonomic chair;Furniture;Europe;3;349.0;1047.0
ORD-2025-00379;11-02-2025;  Noise-Cancelling Headphones   ;Electronics;North America;2;299.0;598.0
ORD-2025-00380;05/07/2025;MacBook Pro 16;Electronics;North America;1;2499.0;2499.0
ORD-2025-00381;2025-09-16;macbook pro 16;Electronics;Europe;1;$2,499.00;$2,499.00
ORD-2025-00382;null;  MacBook Pro 16   ;Electronics;Europe;2;2499.0;4998.0
ORD-2025-00383;2025-09-19;Dell   XPS   15;Electronics;North America;1;$1,899.00;$1,899.00
ORD-2025-00384;08-22-2025;27-inch 4k monitor;Electronics;Latin America;2;$499.00;$998.00
ORD-2025-00385;2025-01-12;dell xps 15;Electronics;North America;2;1899.0;3798.0
ORD-2025-00386;24/01/2025;dell xps 15;Electronics;North America;2;$1,899.00;$3,798.00
ORD-2025-00387;08-30-2025;  MacBook Pro 16   ;Electronics;Latin America;1;2124.15;$2,124.15
ORD-2025-00388;invalid-date-2025;laptop stand;Office Supplies;Latin America;1;$49.00;$49.00
ORD-2025-00389;13/07/2025;DELL XPS 15;Electronics;Europe;2;$1,899.00;$3,798.00
ORD-2025-00390;2025-04-02;LAPTOP STAND;Office Supplies;Latin America;2;$49.00;$98.00
ORD-2025-00391;04-25-2025;  Noise-Cancelling Headphones   ;Electronics;North America;8;299.0;2392.0
ORD-2025-00392;2025-10-06;Dell   XPS   15;Electronics;Latin America;3;1.709,10 €;5.127,30 €
ORD-2025-00393;2025-03-21;  Dell XPS 15   ;Electronics;North America;1;1899.0;$1,899.00
ORD-2025-00394;2025/11/11;ERGONOMIC CHAIR;Furniture;North America;1;349,00 €;349,00 €
ORD-2025-00395;2025/08/17;27-inch   4K   Monitor;Electronics;North America;1;424.15;424.15
ORD-2025-00396;04-30-2025;27-INCH 4K MONITOR;Electronics;North America;1;499.0;499.0
ORD-2025-00397;30/04/2025;Ergonomic   Chair;Furniture;Asia-Pacific;2;349.0;698.0
ORD-2025-00398;14/06/2025;macbook pro 16;Electronics;Europe;8;2.499,00 €;19.992,00 €
ORD-2025-00399;N/A;  Dell XPS 15   ;Electronics;North America;2;$1,899.00;$3,798.00
ORD-2025-00400;31/03/2025;standing desk;Furniture;Latin America;2;539,10 €;1.078,20 €
ORD-2025-00401;2025-11-26;Standing Desk;Furniture;Asia-Pacific;2;599.0;1198.0
ORD-2025-00402;2025/06/03;Dell   XPS   15;Electronics;Latin America;1;1.804,05 €;1.804,05 €
ORD-2025-00403;2025/08/26;  External SSD 1TB   ;Electronics;Latin America;5;129,00 €;645,00 €
ORD-2025-00404;2025/03/10;Dell XPS 15;Electronics;Asia-Pacific;1;1.899,00 €;1.899,00 €
ORD-2025-00405;19/08/2025;Noise-Cancelling Headphones;Electronics;North America;2;299.0;598.0
ORD-2025-00406;2025/01/27;dell xps 15;Electronics;North America;4;$1,804.05;$7,216.20
ORD-2025-00406;2025/01/27;dell xps 15;Electronics;North America;4;$1,804.05;$7,216.20
ORD-2025-00407;2025-09-03;macbook pro 16;Electronics;Asia-Pacific;1;2499.0;2499.0
ORD-2025-00408;2025/04/19;  External SSD 1TB   ;Electronics;North America;2;129.0;258.0
ORD-2025-00409;2025/05/05;standing desk;Furniture;Europe;1;539.1;$539.10
ORD-2025-00410;2025/05/25;Dell   XPS   15;Electronics;Asia-Pacific;1;$1,899.00;$1,899.00
ORD-2025-00411;2025-09-12;27-INCH 4K MONITOR;Electronics;Latin America;3;499.0;1497.0
ORD-2025-00412;15/04/2025;dell xps 15;Electronics;Latin America;1;1899.0;$1,899.00
ORD-2025-00413;03-16-2025;  MacBook Pro 16   ;Electronics;Latin America;1;2374.05;2374.05
ORD-2025-00414;-;27-inch 4K Monitor;Electronics;Europe;1;499.0;499.0
ORD-2025-00415;17/12/2025;DELL XPS 15;Electronics;Latin America;5;$1,899.00;$9,495.00
ORD-2025-00416;09-09-2025;27-inch 4k monitor;Electronics;Asia-Pacific;1;499.0;499.0
ORD-2025-00417;2025/09/08;MacBook Pro 16;Electronics;North America;2;2.499,00 €;4.998,00 €
ORD-2025-00418;02-08-2025;  Laser Printer   ;Electronics;North America;NA;$249.00;$747.00
ORD-2025-00419;19/11/2025;  MacBook Pro 16   ;Electronics;Europe;1;$2,499.00;$2,499.00
ORD-2025-00420;11/07/2025;MACBOOK PRO 16;Electronics;Latin America;2;$2,124.15;$4,248.30
ORD-2025-00421;07/01/2025;MacBook Pro 16;Electronics;Asia-Pacific;2;2124.15;$4,248.30
ORD-2025-00422;invalid-date-2025;MACBOOK PRO 16;Electronics;North America;2;$2,249.10;$4,498.20
ORD-2025-00423;07-01-2025;dell xps 15;Electronics;Latin America;1;1899.0;1899.0
ORD-2025-00424;2025-08-24;  27-inch 4K Monitor   ;Electronics;Europe;1;499.0;499.0
ORD-2025-00425;02-11-2025;STANDING DESK;Furniture;North America;1;599.0;$599.00
ORD-2025-00426;2025/10/10;27-INCH 4K MONITOR;Electronics;North America;2;$424.15;$848.30
ORD-2025-00427;11-27-2025;ergonomic chair;Furniture;North America;4;349.0;1396.0
ORD-2025-00428;2025/04/28;MACBOOK PRO 16;Electronics;Latin America;1;2499.0;2499.0
ORD-2025-00429;17/12/2025;External   SSD   1TB;Electronics;North America;1;$129.00;$129.00
ORD-2025-00430;01-09-2025;Mechanical Keyboard;Electronics;Europe;3;119.0;$357.00
ORD-2025-00431;2025/07/23;External SSD 1TB;Electronics;Asia-Pacific;1;109.65;109.65
ORD-2025-00432;2025/12/13;Noise-Cancelling Headphones;Electronics;Asia-Pacific;1;299.0;299.0
ORD-2025-00433;2025/12/19;ERGONOMIC CHAIR;Furniture;Asia-Pacific;1;349.0;349.0
ORD-2025-00434;02-08-2025;dell xps 15;Electronics;Latin America;5;1899.0;9495.0
ORD-2025-00435;11-21-2025;Dell XPS 15;Electronics;Latin America;1;$1,899.00;$1,899.00
ORD-2025-00436;2025/07/12;dell xps 15;Electronics;Latin America;1;$1,899.00;$1,899.00
ORD-2025-00437;2025-05-07;standing desk;Furniture;null;1;599,00 €;599,00 €
ORD-2025-00438;11-21-2025;macbook pro 16;Electronics;Latin America;1;2499.0;2499.0
ORD-2025-00439;06-07-2025;dell xps 15;Electronics;Asia-Pacific;1;$1,614.15;$1,614.15
ORD-2025-00440;2025-08-18;27-INCH 4K MONITOR;Electronics;Latin America;1;499,00 €;499,00 €
ORD-2025-00441;invalid-date-2025;27-inch 4K Monitor;Electronics;-;3;$424.15;$1,272.45
ORD-2025-00442;2025/07/18;Ergonomic   Chair;Furniture;;2;$296.65;$593.30
ORD-2025-00443;2025/03/28;MACBOOK PRO 16;Electronics;Asia-Pacific;NA;$2,374.05;$2,374.05
ORD-2025-00444;2025-08-11;Dell XPS 15;Electronics;Asia-Pacific;1;1709.1;1709.1
ORD-2025-00445;05-07-2025;ERGONOMIC CHAIR;Furniture;Latin America;2;$349.00;$698.00
ORD-2025-00446;11/03/2025;Dell   XPS   15;Electronics;Latin America;1;1899.0;1899.0
ORD-2025-00447;2025/06/18;Dell XPS 15;Electronics;Latin America;3;1899.0;5697.0
ORD-2025-00448;2025/11/01;MACBOOK PRO 16;Electronics;Asia-Pacific;2;$2,499.00;$4,998.00
ORD-2025-00449;2025/09/03;dell xps 15;Electronics;Latin America;5;1614.15;8070.75
ORD-2025-00450;22/10/2025;  Ergonomic Chair   ;Furniture;Asia-Pacific;1;349.0;349.0
ORD-2025-00451;07-21-2025;  Dell XPS 15   ;Electronics;Europe;2;$1,899.00;$3,798.00
ORD-2025-00451;07-21-2025;  Dell XPS 15   ;Electronics;Europe;2;$1,899.00;$3,798.00
ORD-2025-00452;16/12/2025;ERGONOMIC CHAIR;Furniture;North America;5;$349.00;$1,745.00
ORD-2025-00453;2025-12-29;MacBook Pro 16;Electronics;Asia-Pacific;3;2.124,15 €;6.372,45 €
ORD-2025-00454;12-11-2025;27-inch 4K Monitor;Electronics;Asia-Pacific;1;499,00 €;499,00 €
ORD-2025-00455;05/08/2025;  Ergonomic Chair   ;Furniture;North America;1;349.0;$349.00
ORD-2025-00456;2025/10/26;  Dell XPS 15   ;Electronics;Latin America;2;1899.0;3798.0
ORD-2025-00457;07-04-2025;STANDING DESK;Furniture;North America;1;$539.10;$539.10
ORD-2025-00458;03-27-2025;  Standing Desk   ;Furniture;North America;2;599.0;1198.0
ORD-2025-00459;11-28-2025;DELL XPS 15;Electronics;Asia-Pacific;5;1899.0;9495.0
ORD-2025-00460;2025/01/06;  MacBook Pro 16   ;Electronics;Europe;2;2499.0;4998.0
ORD-2025-00461;25/10/2025;Standing   Desk;Furniture;Europe;1;$599.00;$599.00
ORD-2025-00462;12-14-2025;27-inch 4k monitor;Electronics;Europe;1;499.0;$499.00
ORD-2025-00463;01/06/2025;Dell   XPS   15;Electronics;North America;1;1.899,00 €;1.899,00 €
ORD-2025-00464;14/03/2025;  Dell XPS 15   ;Electronics;Asia-Pacific;1;$1,614.15;$1,614.15
ORD-2025-00465;2025/06/28;  27-inch 4K Monitor   ;Electronics;Latin America;2;499,00 €;998,00 €
ORD-2025-00466;2025/02/04;dell xps 15;Electronics;North America;1;1899.0;1899.0
ORD-2025-00467;2025/02/25;  Standing Desk   ;Furniture;Europe;4;599,00 €;2.396,00 €
ORD-2025-00468;2025/09/22;MacBook   Pro   16;Electronics;Europe;1;2499.0;2499.0
ORD-2025-00469;2025/08/25;macbook pro 16;Electronics;Latin America;2;2124.15;$4,248.30
ORD-2025-00470;07-22-2025;MACBOOK PRO 16;Electronics;Europe;1;2.499,00 €;2.499,00 €
ORD-2025-00471;2025/01/03;STANDING DESK;Furniture;Europe;1;$599.00;$599.00
ORD-2025-00472;2025-02-02;27-inch   4K   Monitor;Electronics;Europe;1;499.0;499.0
ORD-2025-00473;05-15-2025;standing desk;Furniture;Latin America;2;$599.00;$1,198.00
ORD-2025-00474;2025-11-02;dell xps 15;Electronics;Latin America;2;1899.0;3798.0
ORD-2025-00475;08-23-2025;standing desk;Furniture;Asia-Pacific;4;599.0;2396.0
ORD-2025-00476;12-11-2025;MACBOOK PRO 16;Electronics;North America;1;2249.1;2249.1
ORD-2025-00477;12-22-2025;MACBOOK PRO 16;Electronics;Latin America;1;2124.15;2124.15
ORD-2025-00478;2025/08/05;  MacBook Pro 16   ;Electronics;Europe;2;2.499,00 €;4.998,00 €
ORD-2025-00479;2025-03-13;MacBook Pro 16;Electronics;Latin America;2;$2,499.00;$4,998.00
ORD-2025-00480;05/01/2025;27-inch 4k monitor;Electronics;Europe;3;$499.00;$1,497.00
ORD-2025-00481;09-16-2025;STANDING DESK;Furniture;Latin America;2;599.0;1198.0
;;;;;;;
ORD-2025-00482;08-16-2025;27-inch 4k monitor;Electronics;North America;2;499.0;998.0
ORD-2025-00483;04-23-2025;dell xps 15;Electronics;Asia-Pacific;1;1614.15;1614.15
ORD-2025-00484;2025/10/17;Ergonomic   Chair;Furniture;Latin America;2;$349.00;$698.00
ORD-2025-00485;18/05/2025;  Ergonomic Chair   ;Furniture;Asia-Pacific;2;349.0;$698.00
ORD-2025-00486;14/08/2025;  27-inch 4K Monitor   ;Electronics;Latin America;1;$499.00;$499.00
ORD-2025-00487;2025/05/07;dell xps 15;Electronics;North America;1;1.899,00 €;1.899,00 €
ORD-2025-00488;NA;Dell   XPS   15;Electronics;North America;3;$1,709.10;$5,127.30
ORD-2025-00489;30/12/2025;Standing   Desk;Furniture;Latin America;1;569.05;569.05
ORD-2025-00490;2025-04-16;Ergonomic   Chair;Furniture;Asia-Pacific;2;$349.00;$698.00
ORD-2025-00491;2025-03-28;dell xps 15;Electronics;Asia-Pacific;1;1899.0;1899.0
ORD-2025-00492;03-11-2025;MECHANICAL KEYBOARD;Electronics;Latin America;4;119,00 €;476,00 €
ORD-2025-00493;12-02-2025;MACBOOK PRO 16;Electronics;Europe;1;2499.0;$2,499.00
ORD-2025-00494;05-07-2025;Ergonomic   Chair;Furniture;Latin America;1;$349.00;$349.00
ORD-2025-00495;05-18-2025;Standing Desk;Furniture;Latin America;1;599,00 €;599,00 €
ORD-2025-00496;17/02/2025;Dell   XPS   15;Electronics;Asia-Pacific;2;$1,899.00;$3,798.00
ORD-2025-00496;17/02/2025;Dell   XPS   15;Electronics;Asia-Pacific;2;$1,899.00;$3,798.00
ORD-2025-00497;08-21-2025;LASER PRINTER;Electronics;Asia-Pacific;2;$249.00;$498.00
ORD-2025-00498;2025-02-17;ergonomic chair;Furniture;Latin America;2;349,00 €;698,00 €
ORD-2025-00499;-;ERGONOMIC CHAIR;Furniture;Latin America;1;$349.00;$349.00
ORD-2025-00500;2025-04-19;27-inch 4k monitor;Electronics;Asia-Pacific;3;499.0;1497.0
ORD-2025-00501;2025/10/23;  MacBook Pro 16   ;Electronics;Latin America;3;$2,499.00;$7,497.00
ORD-2025-00502;2025-01-25;macbook pro 16;Electronics;Latin America;1;$2,499.00;$2,499.00
ORD-2025-00503;2025/03/22;DELL XPS 15;Electronics;North America;10;1899.0;$18,990.00
ORD-2025-00504;12-19-2025;  External SSD 1TB   ;Electronics;Asia-Pacific;1;$129.00;$129.00
ORD-2025-00505;NA;  MacBook Pro 16   ;Electronics;Asia-Pacific;1;2499.0;2499.0
ORD-2025-00506;29/11/2025;MACBOOK PRO 16;Electronics;Latin America;2;2.499,00 €;4.998,00 €
ORD-2025-00507;2025/04/30;Dell   XPS   15;Electronics;North America;2;1.614,15 €;3.228,30 €
ORD-2025-00508;02-09-2025;MacBook   Pro   16;Electronics;Europe;2;2499.0;4998.0
ORD-2025-00509;01-05-2025;Standing Desk;Furniture;North America;8;599,00 €;4.792,00 €
ORD-2025-00510;invalid-date-2025;27-inch 4k monitor;Electronics;Europe;1;$499.00;$499.00
ORD-2025-00511;22/02/2025;macbook pro 16;Electronics;Asia-Pacific;4;$2,374.05;$9,496.20
ORD-2025-00512;2025/11/25;laptop stand;Office Supplies;Europe;1;$49.00;$49.00
ORD-2025-00513;09/11/2025;Standing   Desk;Furniture;Latin America;1;569.05;569.05
ORD-2025-00514;2025-07-30;STANDING DESK;Furniture;Latin America;3;$599.00;$1,797.00
ORD-2025-00515;13/03/2025;ERGONOMIC CHAIR;Furniture;Latin America;1;349.0;349.0
ORD-2025-00516;13/03/2025;MACBOOK PRO 16;Electronics;North America;1;2499.0;$2,499.00
ORD-2025-00517;08/11/2025;dell xps 15;Electronics;North America;3;1899.0;5697.0
ORD-2025-00518;2025/06/04;MACBOOK PRO 16;Electronics;Europe;2;2.499,00 €;4.998,00 €
ORD-2025-00519;03/05/2025;  27-inch 4K Monitor   ;Electronics;North America;1;499,00 €;499,00 €
ORD-2025-00520;2025/02/06;27-inch 4k monitor;Electronics;North America;8;499.0;3992.0
ORD-2025-00521;09/03/2025;Dell XPS 15;Electronics;Latin America;1;$1,899.00;$1,899.00
ORD-2025-00522;08-30-2025;  Laser Printer   ;Electronics;North America;1;$224.10;$224.10
ORD-2025-00523;21/04/2025;MacBook   Pro   16;Electronics;North America;5;2499.0;12495.0
ORD-2025-00524;05-27-2025;Standing Desk;Furniture;Latin America;1;599,00 €;599,00 €
ORD-2025-00525;2025/11/24;  27-inch 4K Monitor   ;Electronics;Europe;1;$499.00;$499.00
ORD-2025-00526;2025/09/19;External   SSD   1TB;Electronics;Europe;2;129,00 €;258,00 €
ORD-2025-00527;2025-11-21;ERGONOMIC CHAIR;Furniture;North America;1;$349.00;$349.00
ORD-2025-00528;2025-05-03;  MacBook Pro 16   ;Electronics;North America;4;2.499,00 €;9.996,00 €
ORD-2025-00529;2025-06-08;Standing Desk;Furniture;Europe;1;599.0;$599.00
ORD-2025-00530;26/12/2025;MACBOOK PRO 16;Electronics;Latin America;5;$2,499.00;$12,495.00
ORD-2025-00531;2025-05-13;MACBOOK PRO 16;Electronics;Europe;2;2499.0;4998.0
ORD-2025-00532;2025-03-02;Ergonomic Chair;Furniture;North America;1;$349.00;$349.00
ORD-2025-00533;2025-09-26;MACBOOK PRO 16;Electronics;null;1;2.499,00 €;2.499,00 €
ORD-2025-00534;01-29-2025;27-INCH 4K MONITOR;Electronics;Europe;1;$499.00;$499.00
ORD-2025-00535;2025/10/21;  Standing Desk   ;Furniture;North America;1;599.0;599.0
ORD-2025-00536;2025-01-23;  Noise-Cancelling Headphones   ;Electronics;North America;1;$299.00;$299.00
ORD-2025-00537;16/07/2025;External   SSD   1TB;Electronics;Europe;5;129.0;645.0
ORD-2025-00538;2025/10/11;ERGONOMIC CHAIR;Furniture;Latin America;1;314.1;$314.10
ORD-2025-00539;2025-05-19;  Noise-Cancelling Headphones   ;Electronics;Asia-Pacific;1;299.0;$299.00
ORD-2025-00540;01-27-2025;MacBook   Pro   16;Electronics;North America;5;2124.15;10620.75
ORD-2025-00541;25/05/2025;ERGONOMIC CHAIR;Furniture;Asia-Pacific;1;349,00 €;349,00 €
ORD-2025-00541;25/05/2025;ERGONOMIC CHAIR;Furniture;Asia-Pacific;1;349,00 €;349,00 €
ORD-2025-00542;05/01/2025;DELL XPS 15;Electronics;Asia-Pacific;2;1899.0;3798.0
ORD-2025-00543;2025-11-15;MacBook   Pro   16;Electronics;Asia-Pacific;2;$2,499.00;$4,998.00
ORD-2025-00544;04-11-2025;  Ergonomic Chair   ;Furniture;Europe;1;349.0;349.0
ORD-2025-00545;2025-01-13;MacBook   Pro   16;Electronics;Asia-Pacific;2;$2,499.00;$4,998.00
ORD-2025-00546;05/01/2025;Laser   Printer;Electronics;North America;3;249.0;747.0
ORD-2025-00547;N/A;MacBook Pro 16;Electronics;Europe;1;2.499,00 €;2.499,00 €
ORD-2025-00548;03-14-2025;  Standing Desk   ;Furniture;North America;1;509.15;509.15
ORD-2025-00549;12-25-2025;  Noise-Cancelling Headphones   ;Electronics;Latin America;8;299.0;$2,392.00
ORD-2025-00550;09-16-2025;MacBook   Pro   16;Electronics;Latin America;1;2.499,00 €;2.499,00 €
ORD-2025-00551;11/08/2025;STANDING DESK;Furniture;Europe;1;539.1;$539.10
ORD-2025-00552;21/07/2025;standing desk;Furniture;Asia-Pacific;1;599,00 €;599,00 €
ORD-2025-00553;04-14-2025;MacBook   Pro   16;Electronics;North America;1;2124.15;2124.15
ORD-2025-00554;10/06/2025;DELL XPS 15;Electronics;Asia-Pacific;5;$1,709.10;$8,545.50
ORD-2025-00555;2025-08-26;DELL XPS 15;Electronics;North America;1;1.899,00 €;1.899,00 €
ORD-2025-00556;2025/06/05;Noise-Cancelling Headphones;Electronics;North America;1;299,00 €;299,00 €
ORD-2025-00557;17/03/2025;MacBook   Pro   16;Electronics;Europe;5;$2,499.00;$12,495.00
ORD-2025-00558;2025/01/26;STANDING DESK;Furniture;Asia-Pacific;3;509.15;1527.45
ORD-2025-00559;20/08/2025;27-inch 4k monitor;Electronics;Europe;1;$474.05;$474.05
ORD-2025-00560;2025/03/04;MACBOOK PRO 16;Electronics;;1;2499.0;2499.0
ORD-2025-00561;07-10-2025;Standing   Desk;Furniture;North America;2;599,00 €;1.198,00 €
ORD-2025-00562;2025-01-12;wireless mouse;Office Supplies;Europe;4;29.0;116.0
ORD-2025-00563;07/03/2025;MacBook   Pro   16;Electronics;Asia-Pacific;1;$2,499.00;$2,499.00
ORD-2025-00564;01-26-2025;MACBOOK PRO 16;Electronics;Latin America;3;$2,499.00;$7,497.00
ORD-2025-00565;16/01/2025;dell xps 15;Electronics;Latin America;1;1.804,05 €;1.804,05 €
ORD-2025-00566;2025/05/21;DELL XPS 15;Electronics;Europe;1;$1,899.00;$1,899.00
ORD-2025-00567;06/05/2025;Standing Desk;Furniture;Latin America;1;599.0;599.0
ORD-2025-00568;02-01-2025;macbook pro 16;Electronics;Latin America;1;2374.05;$2,374.05
ORD-2025-00569;2025-11-19;USB-C   Hub;Office Supplies;North America;8;39.0;312.0
ORD-2025-00570;N/A;27-INCH 4K MONITOR;Electronics;Latin America;1;$499.00;$499.00
ORD-2025-00571;2025-06-14;  Dell XPS 15   ;Electronics;Europe;1;1899.0;1899.0
ORD-2025-00572;invalid-date-2025;Noise-Cancelling   Headphones;Electronics;Asia-Pacific;1;$299.00;$299.00
ORD-2025-00573;09-29-2025;Dell XPS 15;Electronics;Europe;8;$1,804.05;$14,432.40
ORD-2025-00574;05-17-2025;  27-inch 4K Monitor   ;Electronics;North America;3;499.0;1497.0
ORD-2025-00575;2025/10/22;Noise-Cancelling Headphones;Electronics;Latin America;1;$299.00;$299.00
ORD-2025-00576;03-30-2025;MACBOOK PRO 16;Electronics;Asia-Pacific;3;2.499,00 €;7.497,00 €
ORD-2025-00577;30/10/2025;  MacBook Pro 16   ;Electronics;Asia-Pacific;5;$2,499.00;$12,495.00
ORD-2025-00578;-;Laser Printer;Electronics;Latin America;2;249.0;498.0
ORD-2025-00579;2025/02/16;MacBook Pro 16;Electronics;Europe;1;2.499,00 €;2.499,00 €
ORD-2025-00580;19/06/2025;external ssd 1tb;Electronics;Europe;3;129.0;387.0
ORD-2025-00581;04-01-2025;  External SSD 1TB   ;Electronics;Asia-Pacific;1;122,55 €;122,55 €
ORD-2025-00582;02-26-2025;Noise-Cancelling Headphones;Electronics;Asia-Pacific;5;299,00 €;1.495,00 €
ORD-2025-00583;06/12/2025;  Dell XPS 15   ;Electronics;North America;1;1.899,00 €;1.899,00 €
ORD-2025-00584;03-22-2025;ERGONOMIC CHAIR;Furniture;Latin America;3;$349.00;$1,047.00
ORD-2025-00585;29/11/2025;dell xps 15;Electronics;Asia-Pacific;1;$1,899.00;$1,899.00
ORD-2025-00586;03-31-2025;DELL XPS 15;Electronics;Asia-Pacific;1;1899.0;1899.0
ORD-2025-00586;03-31-2025;DELL XPS 15;Electronics;Asia-Pacific;1;1899.0;1899.0
ORD-2025-00587;12-26-2025;LASER PRINTER;Electronics;Latin America;3;249,00 €;747,00 €
ORD-2025-00588;18/10/2025;macbook pro 16;Electronics;Asia-Pacific;4;$2,499.00;$9,996.00
ORD-2025-00589;2025/04/24;Standing Desk;Furniture;North America;NA;$599.00;$2,995.00
ORD-2025-00590;2025/05/02;dell xps 15;Electronics;Asia-Pacific;1;1899.0;1899.0
ORD-2025-00591;2025-02-15;noise-cancelling headphones;Electronics;Asia-Pacific;1;284.05;284.05
ORD-2025-00592;21/12/2025;MacBook   Pro   16;Electronics;Asia-Pacific;3;$2,499.00;$7,497.00
ORD-2025-00593;2025/01/25;dell xps 15;Electronics;Latin America;5;1899.0;9495.0
ORD-2025-00594;09-10-2025;  Noise-Cancelling Headphones   ;Electronics;Asia-Pacific;2;254.15;508.3
ORD-2025-00595;23/10/2025;Standing Desk;Furniture;Europe;1;599.0;599.0
ORD-2025-00596;2025-05-31;MacBook   Pro   16;Electronics;Asia-Pacific;5;2.374,05 €;11.870,25 €
ORD-2025-00597;07-12-2025;MacBook Pro 16;Electronics;North America;2;$2,499.00;$4,998.00
ORD-2025-00598;17/02/2025;Dell   XPS   15;Electronics;Latin America;2;1899.0;3798.0
ORD-2025-00599;2025/12/01;macbook pro 16;Electronics;Latin America;1;2374.05;2374.05
ORD-2025-00600;04-08-2025;DELL XPS 15;Electronics;Asia-Pacific;2;1.899,00 €;3.798,00 €
