order_id,date,product,category,region,quantity,unit_price,revenue
ORD-2025-00001,2025-11-24,MacBook Pro 16,Electronics,Asia-Pacific,1,2499.0,2499.0
ORD-2025-00002,2025-12-13,Ergonomic Chair,Furniture,North America,2,349.0,698.0
ORD-2025-00003,2025-04-22,MacBook Pro 16,Electronics,North America,2,2499.0,4998.0
ORD-2025-00004,2025-12-26,27-inch 4K Monitor,Electronics,Europe,1,499.0,499.0
ORD-2025-00005,2025-03-23,Standing Desk,Furniture,Asia-Pacific,1,539.1,539.1
ORD-2025-00006,2025-02-22,MacBook Pro 16,Electronics,North America,1,2499.0,2499.0
ORD-2025-00007,2025-05-16,Ergonomic Chair,Furniture,Latin America,2,349.0,698.0
ORD-2025-00008,2025-07-13,MacBook Pro 16,Electronics,Asia-Pacific,3,2499.0,7497.0
ORD-2025-00009,2025-07-05,27-inch 4K Monitor,Electronics,North America,1,449.1,449.1
ORD-2025-00010,2025-02-10,Noise-Cancelling Headphones,Electronics,North America,1,299.0,299.0
ORD-2025-00011,2025-07-06,MacBook Pro 16,Electronics,Asia-Pacific,1,2499.0,2499.0
ORD-2025-00012,2025-11-08,Standing Desk,Furniture,Europe,1,599.0,599.0
ORD-2025-00013,2025-11-24,Standing Desk,Furniture,Europe,2,599.0,1198.0
ORD-2025-00014,2025-01-29,MacBook Pro 16,Electronics,North America,3,2499.0,7497.0
ORD-2025-00015,2025-02-03,MacBook Pro 16,Electronics,Asia-Pacific,1,2499.0,2499.0
ORD-2025-00016,2025-11-26,27-inch 4K Monitor,Electronics,Asia-Pacific,1,499.0,499.0
ORD-2025-00017,2025-10-03,Dell XPS 15,Electronics,Latin America,4,1899.0,7596.0
ORD-2025-00018,2025-04-23,Wireless Mouse,Office Supplies,Europe,2,29.0,58.0
ORD-2025-00019,2025-02-26,MacBook Pro 16,Electronics,Europe,3,2499.0,7497.0
ORD-2025-00020,2025-02-02,Dell XPS 15,Electronics,Latin America,2,1899.0,3798.0
ORD-2025-00021,2025-01-06,Standing Desk,Furniture,North America,2,599.0,1198.0
ORD-2025-00022,2025-05-17,Ergonomic Chair,Furniture,Asia-Pacific,1,349.0,349.0
ORD-2025-00023,2025-08-21,MacBook Pro 16,Electronics,Asia-Pacific,8,2499.0,19992.0
ORD-2025-00024,2025-09-17,External SSD 1TB,Electronics,Asia-Pacific,3,129.0,387.0
ORD-2025-00025,2025-04-12,MacBook Pro 16,Electronics,Europe,2,2499.0,4998.0
ORD-2025-00026,2025-09-29,External SSD 1TB,Electronics,Asia-Pacific,1,116.1,116.1
ORD-2025-00027,2025-06-07,MacBook Pro 16,Electronics,Europe,4,2499.0,9996.0
ORD-2025-00028,2025-02-13,Ergonomic Chair,Furniture,North America,8,349.0,2792.0
ORD-2025-00029,2025-03-06,MacBook Pro 16,Electronics,Latin America,5,2124.15,10620.75
ORD-2025-00030,2025-04-19,External SSD 1TB,Electronics,Europe,2,129.0,258.0
ORD-2025-00031,2025-12-10,Standing Desk,Furniture,Latin America,4,599.0,2396.0
ORD-2025-00032,2025-05-07,MacBook Pro 16,Electronics,Asia-Pacific,1,2499.0,2499.0
ORD-2025-00033,2025-10-29,MacBook Pro 16,Electronics,North America,2,2499.0,4998.0
ORD-2025-00034,2025-01-17,Noise-Cancelling Headphones,Electronics,North America,2,254.15,508.3
ORD-2025-00035,2025-04-20,27-inch 4K Monitor,Electronics,Latin America,1,499.0,499.0
ORD-2025-00036,2025-07-28,MacBook Pro 16,Electronics,North America,2,2499.0,4998.0
ORD-2025-00037,2025-07-30,27-inch 4K Monitor,Electronics,North America,2,499.0,998.0
ORD-2025-00038,2025-02-20,MacBook Pro 16,Electronics,Asia-Pacific,3,2374.05,7122.15
ORD-2025-00039,2025-04-08,27-inch 4K Monitor,Electronics,Europe,1,474.05,474.05
ORD-2025-00040,2025-02-08,Dell XPS 15,Electronics,North America,1,1899.0,1899.0
ORD-2025-00041,2025-01-08,Mechanical Keyboard,Electronics,Europe,1,119.0,119.0
ORD-2025-00042,2025-04-20,Noise-Cancelling Headphones,Electronics,North America,1,254.15,254.15
ORD-2025-00043,2025-05-16,External SSD 1TB,Electronics,Latin America,1,129.0,129.0
ORD-2025-00044,2025-10-12,Standing Desk,Furniture,Latin America,1,599.0,599.0
ORD-2025-00045,2025-10-24,Ergonomic Chair,Furniture,North America,2,296.65,593.3
ORD-2025-00046,2025-09-15,External SSD 1TB,Electronics,Europe,1,129.0,129.0
ORD-2025-00047,2025-04-06,MacBook Pro 16,Electronics,North America,2,2499.0,4998.0
ORD-2025-00048,2025-10-19,MacBook Pro 16,Electronics,North America,2,2499.0,4998.0
ORD-2025-00049,2025-10-26,27-inch 4K Monitor,Electronics,Asia-Pacific,5,449.1,2245.5
ORD-2025-00050,2025-05-03,Dell XPS 15,Electronics,Europe,2,1709.1,3418.2
ORD-2025-00051,2025-02-07,MacBook Pro 16,Electronics,North America,1,2249.1,2249.1
ORD-2025-00052,2025-03-09,External SSD 1TB,Electronics,North America,4,129.0,516.0
ORD-2025-00053,2025-03-22,Dell XPS 15,Electronics,Asia-Pacific,2,1899.0,3798.0
ORD-2025-00054,2025-12-01,27-inch 4K Monitor,Electronics,Asia-Pacific,5,474.05,2370.25
ORD-2025-00055,2025-05-16,MacBook Pro 16,Electronics,North America,2,2249.1,4498.2
ORD-2025-00056,2025-11-06,MacBook Pro 16,Electronics,Asia-Pacific,1,2499.0,2499.0
ORD-2025-00057,2025-05-16,27-inch 4K Monitor,Electronics,Asia-Pacific,4,499.0,1996.0
ORD-2025-00058,2025-02-17,Standing Desk,Furniture,Asia-Pacific,1,599.0,599.0
ORD-2025-00059,2025-03-08,Standing Desk,Furniture,Asia-Pacific,1,599.0,599.0
ORD-2025-00060,2025-12-28,Dell XPS 15,Electronics,North America,1,1899.0,1899.0
ORD-2025-00061,2025-12-20,External SSD 1TB,Electronics,North America,3,129.0,387.0
ORD-2025-00062,2025-03-17,Dell XPS 15,Electronics,North America,1,1899.0,1899.0
ORD-2025-00063,2025-01-21,Noise-Cancelling Headphones,Electronics,Europe,2,299.0,598.0
ORD-2025-00064,2025-07-01,Ergonomic Chair,Furniture,Latin America,8,349.0,2792.0
ORD-2025-00065,2025-05-02,Noise-Cancelling Headphones,Electronics,Europe,4,269.1,1076.4
ORD-2025-00066,2025-07-30,Ergonomic Chair,Furniture,Europe,1,349.0,349.0
ORD-2025-00067,2025-02-25,Dell XPS 15,Electronics,North America,3,1614.15,4842.45
ORD-2025-00068,2025-06-29,Dell XPS 15,Electronics,Europe,1,1899.0,1899.0
ORD-2025-00069,2025-07-24,Dell XPS 15,Electronics,North America,5,1614.15,8070.75
ORD-2025-00070,2025-12-14,Smart Speaker,Electronics,Asia-Pacific,5,80.1,400.5
ORD-2025-00071,2025-04-02,27-inch 4K Monitor,Electronics,Asia-Pacific,1,499.0,499.0
ORD-2025-00072,2025-06-26,Ergonomic Chair,Furniture,Asia-Pacific,1,349.0,349.0
ORD-2025-00073,2025-03-01,Dell XPS 15,Electronics,Europe,1,1899.0,1899.0
ORD-2025-00074,2025-01-01,27-inch 4K Monitor,Electronics,Europe,1,449.1,449.1
ORD-2025-00075,2025-11-16,Dell XPS 15,Electronics,North America,2,1899.0,3798.0
ORD-2025-00076,2025-06-08,Standing Desk,Furniture,Asia-Pacific,1,569.05,569.05
ORD-2025-00077,2025-04-09,Dell XPS 15,Electronics,Latin America,2,1899.0,3798.0
ORD-2025-00078,2025-11-12,27-inch 4K Monitor,Electronics,Latin America,2,449.1,898.2
ORD-2025-00079,2025-04-18,Dell XPS 15,Electronics,Asia-Pacific,1,1899.0,1899.0
ORD-2025-00080,2025-04-20,27-inch 4K Monitor,Electronics,Europe,2,449.1,898.2
ORD-2025-00081,2025-02-17,Ergonomic Chair,Furniture,Europe,2,331.55,663.1
ORD-2025-00082,2025-03-17,MacBook Pro 16,Electronics,Europe,8,2499.0,19992.0
ORD-2025-00083,2025-02-07,27-inch 4K Monitor,Electronics,Europe,2,499.0,998.0
ORD-2025-00084,2025-07-24,MacBook Pro 16,Electronics,North America,4,2499.0,9996.0
ORD-2025-00085,2025-02-24,Ergonomic Chair,Furniture,Europe,1,349.0,349.0
ORD-2025-00086,2025-09-23,27-inch 4K Monitor,Electronics,Europe,4,474.05,1896.2
ORD-2025-00087,2025-08-26,Standing Desk,Furniture,Asia-Pacific,5,599.0,2995.0
ORD-2025-00088,2025-11-10,Ergonomic Chair,Furniture,Latin America,3,349.0,1047.0
ORD-2025-00089,2025-03-23,Ergonomic Chair,Furniture,Latin America,1,349.0,349.0
ORD-2025-00090,2025-11-23,Dell XPS 15,Electronics,Latin America,2,1899.0,3798.0
ORD-2025-00091,2025-05-27,MacBook Pro 16,Electronics,Asia-Pacific,1,2499.0,2499.0
ORD-2025-00092,2025-03-12,MacBook Pro 16,Electronics,Latin America,2,2499.0,4998.0
ORD-2025-00093,2025-02-02,Dell XPS 15,Electronics,Asia-Pacific,2,1899.0,3798.0
ORD-2025-00094,2025-04-16,Noise-Cancelling Headphones,Electronics,Latin America,4,299.0,1196.0
ORD-2025-00095,2025-12-23,MacBook Pro 16,Electronics,Latin America,1,2499.0,2499.0
ORD-2025-00096,2025-06-02,Ergonomic Chair,Furniture,Latin America,2,349.0,698.0
ORD-2025-00097,2025-11-05,Noise-Cancelling Headphones,Electronics,Latin America,1,299.0,299.0
ORD-2025-00098,2025-01-15,Dell XPS 15,Electronics,Latin America,2,1899.0,3798.0
ORD-2025-00099,2025-03-07,Smart Speaker,Electronics,North America,4,89.0,356.0
ORD-2025-00100,2025-12-06,MacBook Pro 16,Electronics,Latin America,1,2499.0,2499.0
ORD-2025-00101,2025-01-26,Dell XPS 15,Electronics,Asia-Pacific,1,1899.0,1899.0
ORD-2025-00102,2025-07-14,Dell XPS 15,Electronics,Latin America,1,1899.0,1899.0
ORD-2025-00103,2025-10-04,MacBook Pro 16,Electronics,Asia-Pacific,1,2499.0,2499.0
ORD-2025-00104,2025-01-16,Laser Printer,Electronics,Europe,3,249.0,747.0
ORD-2025-00105,2025-05-03,MacBook Pro 16,Electronics,North America,2,2249.1,4498.2
ORD-2025-00106,2025-07-08,MacBook Pro 16,Electronics,North America,3,2249.1,6747.3
ORD-2025-00107,2025-02-25,27-inch 4K Monitor,Electronics,Asia-Pacific,2,499.0,998.0
ORD-2025-00108,2025-07-12,Dell XPS 15,Electronics,Europe,1,1899.0,1899.0
ORD-2025-00109,2025-11-18,MacBook Pro 16,Electronics,Asia-Pacific,3,2499.0,7497.0
ORD-2025-00110,2025-03-03,Ergonomic Chair,Furniture,North America,1,349.0,349.0
ORD-2025-00111,2025-07-09,MacBook Pro 16,Electronics,Asia-Pacific,1,2499.0,2499.0
ORD-2025-00112,2025-09-08,MacBook Pro 16,Electronics,Asia-Pacific,2,2499.0,4998.0
ORD-2025-00113,2025-12-29,MacBook Pro 16,Electronics,Europe,2,2499.0,4998.0
ORD-2025-00114,2025-05-19,Standing Desk,Furniture,Latin America,1,599.0,599.0
ORD-2025-00115,2025-10-31,Dell XPS 15,Electronics,Europe,3,1614.15,4842.45
ORD-2025-00116,2025-05-05,Ergonomic Chair,Furniture,Latin America,1,349.0,349.0
ORD-2025-00117,2025-06-16,MacBook Pro 16,Electronics,Europe,1,2249.1,2249.1
ORD-2025-00118,2025-11-02,Standing Desk,Furniture,Asia-Pacific,2,599.0,1198.0
ORD-2025-00119,2025-04-08,MacBook Pro 16,Electronics,Latin America,1,2499.0,2499.0
ORD-2025-00120,2025-12-20,27-inch 4K Monitor,Electronics,Latin America,1,449.1,449.1
ORD-2025-00121,2025-04-24,Dell XPS 15,Electronics,Europe,1,1899.0,1899.0
ORD-2025-00122,2025-08-31,27-inch 4K Monitor,Electronics,Asia-Pacific,1,499.0,499.0
ORD-2025-00123,2025-06-19,Dell XPS 15,Electronics,Latin America,1,1899.0,1899.0
ORD-2025-00124,2025-04-09,Dell XPS 15,Electronics,Europe,1,1899.0,1899.0
ORD-2025-00125,2025-05-22,Ergonomic Chair,Furniture,Asia-Pacific,8,349.0,2792.0
ORD-2025-00126,2025-06-01,MacBook Pro 16,Electronics,Europe,1,2499.0,2499.0
ORD-2025-00127,2025-03-06,Dell XPS 15,Electronics,North America,2,1899.0,3798.0
ORD-2025-00128,2025-03-06,Standing Desk,Furniture,Latin America,1,539.1,539.1
ORD-2025-00129,2025-08-29,27-inch 4K Monitor,Electronics,Asia-Pacific,1,424.15,424.15
ORD-2025-00130,2025-02-28,Noise-Cancelling Headphones,Electronics,Latin America,1,299.0,299.0
ORD-2025-00131,2025-12-18,MacBook Pro 16,Electronics,Europe,3,2499.0,7497.0
ORD-2025-00132,2025-02-13,Laptop Stand,Office Supplies,North America,2,49.0,98.0
ORD-2025-00133,2025-11-02,Ergonomic Chair,Furniture,Europe,3,349.0,1047.0
ORD-2025-00134,2025-08-15,Dell XPS 15,Electronics,Latin America,1,1899.0,1899.0
ORD-2025-00135,2025-11-09,Mechanical Keyboard,Electronics,North America,5,113.05,565.25
ORD-2025-00136,2025-05-16,Standing Desk,Furniture,Europe,1,599.0,599.0
ORD-2025-00137,2025-03-22,MacBook Pro 16,Electronics,Latin America,2,2499.0,4998.0
ORD-2025-00138,2025-01-17,MacBook Pro 16,Electronics,Asia-Pacific,2,2499.0,4998.0
ORD-2025-00139,2025-12-18,MacBook Pro 16,Electronics,Asia-Pacific,3,2499.0,7497.0
ORD-2025-00140,2025-12-05,Ergonomic Chair,Furniture,Europe,1,349.0,349.0
ORD-2025-00141,2025-11-28,MacBook Pro 16,Electronics,Asia-Pacific,3,2374.05,7122.15
ORD-2025-00142,2025-06-07,27-inch 4K Monitor,Electronics,Asia-Pacific,1,499.0,499.0
ORD-2025-00143,2025-06-05,Standing Desk,Furniture,Asia-Pacific,2,599.0,1198.0
ORD-2025-00144,2025-02-11,27-inch 4K Monitor,Electronics,Latin America,2,499.0,998.0
ORD-2025-00145,2025-01-14,MacBook Pro 16,Electronics,North America,10,2499.0,24990.0
ORD-2025-00146,2025-05-18,27-inch 4K Monitor,Electronics,Europe,1,499.0,499.0
ORD-2025-00147,2025-05-23,MacBook Pro 16,Electronics,Latin America,2,2499.0,4998.0
ORD-2025-00148,2025-02-16,27-inch 4K Monitor,Electronics,Latin America,1,499.0,499.0
ORD-2025-00149,2025-03-24,Dell XPS 15,Electronics,Latin America,1,1899.0,1899.0
ORD-2025-00150,2025-10-09,MacBook Pro 16,Electronics,North America,1,2499.0,2499.0
ORD-2025-00151,2025-07-26,Noise-Cancelling Headphones,Electronics,North America,2,299.0,598.0
ORD-2025-00152,2025-07-31,MacBook Pro 16,Electronics,Asia-Pacific,2,2499.0,4998.0
ORD-2025-00153,2025-08-15,Ergonomic Chair,Furniture,Europe,1,314.1,314.1
ORD-2025-00154,2025-08-13,Noise-Cancelling Headphones,Electronics,Latin America,1,299.0,299.0
ORD-2025-00155,2025-11-08,Ergonomic Chair,Furniture,Europe,1,296.65,296.65
ORD-2025-00156,2025-02-17,MacBook Pro 16,Electronics,North America,1,2374.05,2374.05
ORD-2025-00157,2025-09-13,External SSD 1TB,Electronics,Asia-Pacific,2,109.65,219.3
ORD-2025-00158,2025-08-30,MacBook Pro 16,Electronics,Europe,1,2499.0,2499.0
ORD-2025-00159,2025-09-18,Ergonomic Chair,Furniture,Europe,3,296.65,889.95
ORD-2025-00160,2025-06-24,External SSD 1TB,Electronics,Asia-Pacific,3,116.1,348.3
ORD-2025-00161,2025-10-28,27-inch 4K Monitor,Electronics,Latin America,3,499.0,1497.0
ORD-2025-00162,2025-09-05,Dell XPS 15,Electronics,Latin America,1,1899.0,1899.0
ORD-2025-00163,2025-04-07,Smart Speaker,Electronics,Europe,2,75.65,151.3
ORD-2025-00164,2025-01-23,Dell XPS 15,Electronics,Latin America,2,1899.0,3798.0
ORD-2025-00165,2025-07-17,Webcam HD,Electronics,Europe,1,62.1,62.1
ORD-2025-00166,2025-02-21,Noise-Cancelling Headphones,Electronics,Latin America,1,299.0,299.0
ORD-2025-00167,2025-01-08,Ergonomic Chair,Furniture,Latin America,4,349.0,1396.0
ORD-2025-00168,2025-02-08,27-inch 4K Monitor,Electronics,Asia-Pacific,1,499.0,499.0
ORD-2025-00169,2025-11-29,MacBook Pro 16,Electronics,Asia-Pacific,3,2499.0,7497.0
ORD-2025-00170,2025-07-14,Laser Printer,Electronics,Latin America,4,249.0,996.0
ORD-2025-00171,2025-05-01,Standing Desk,Furniture,Asia-Pacific,10,599.0,5990.0
ORD-2025-00172,2025-08-11,Smart Speaker,Electronics,North America,1,89.0,89.0
ORD-2025-00173,2025-01-15,MacBook Pro 16,Electronics,North America,1,2499.0,2499.0
ORD-2025-00174,2025-03-16,MacBook Pro 16,Electronics,Latin America,2,2499.0,4998.0
ORD-2025-00175,2025-03-29,MacBook Pro 16,Electronics,Latin America,2,2374.05,4748.1
ORD-2025-00176,2025-04-29,27-inch 4K Monitor,Electronics,Asia-Pacific,1,499.0,499.0
ORD-2025-00177,2025-08-27,External SSD 1TB,Electronics,Europe,1,129.0,129.0
ORD-2025-00178,2025-10-28,Dell XPS 15,Electronics,Latin America,2,1899.0,3798.0
ORD-2025-00179,2025-06-04,MacBook Pro 16,Electronics,Latin America,3,2124.15,6372.45
ORD-2025-00180,2025-10-20,Dell XPS 15,Electronics,Asia-Pacific,10,1614.15,16141.5
ORD-2025-00181,2025-05-21,MacBook Pro 16,Electronics,North America,4,2499.0,9996.0
ORD-2025-00182,2025-05-27,Ergonomic Chair,Furniture,Europe,2,349.0,698.0
ORD-2025-00183,2025-11-22,MacBook Pro 16,Electronics,Asia-Pacific,2,2499.0,4998.0
ORD-2025-00184,2025-12-04,Standing Desk,Furniture,Europe,2,599.0,1198.0
ORD-2025-00185,2025-11-27,MacBook Pro 16,Electronics,Latin America,1,2499.0,2499.0
ORD-2025-00186,2025-03-09,MacBook Pro 16,Electronics,Asia-Pacific,1,2499.0,2499.0
ORD-2025-00187,2025-04-13,MacBook Pro 16,Electronics,Asia-Pacific,2,2499.0,4998.0
ORD-2025-00188,2025-03-26,Dell XPS 15,Electronics,Latin America,5,1709.1,8545.5
ORD-2025-00189,2025-02-28,27-inch 4K Monitor,Electronics,North America,1,499.0,499.0
ORD-2025-00190,2025-12-13,Ergonomic Chair,Furniture,Latin America,5,349.0,1745.0
ORD-2025-00191,2025-07-07,MacBook Pro 16,Electronics,Latin America,1,2499.0,2499.0
ORD-2025-00192,2025-08-21,Dell XPS 15,Electronics,Asia-Pacific,2,1899.0,3798.0
ORD-2025-00193,2025-07-10,MacBook Pro 16,Electronics,Europe,1,2499.0,2499.0
ORD-2025-00194,2025-10-15,Dell XPS 15,Electronics,Europe,2,1899.0,3798.0
ORD-2025-00195,2025-08-26,External SSD 1TB,Electronics,Asia-Pacific,2,129.0,258.0
ORD-2025-00196,2025-01-20,Dell XPS 15,Electronics,Latin America,1,1804.05,1804.05
ORD-2025-00197,2025-07-18,27-inch 4K Monitor,Electronics,Latin America,2,499.0,998.0
ORD-2025-00198,2025-08-01,Standing Desk,Furniture,Latin America,2,599.0,1198.0
ORD-2025-00199,2025-05-24,MacBook Pro 16,Electronics,Asia-Pacific,1,2499.0,2499.0
ORD-2025-00200,2025-05-01,Noise-Cancelling Headphones,Electronics,North America,8,299.0,2392.0
ORD-2025-00201,2025-11-27,Dell XPS 15,Electronics,Latin America,1,1899.0,1899.0
ORD-2025-00202,2025-08-21,MacBook Pro 16,Electronics,Europe,2,2499.0,4998.0
ORD-2025-00203,2025-01-11,MacBook Pro 16,Electronics,Asia-Pacific,1,2374.05,2374.05
ORD-2025-00204,2025-02-05,Noise-Cancelling Headphones,Electronics,Europe,2,299.0,598.0
ORD-2025-00205,2025-04-30,Dell XPS 15,Electronics,Europe,3,1899.0,5697.0
ORD-2025-00206,2025-05-22,Noise-Cancelling Headphones,Electronics,Europe,8,299.0,2392.0
ORD-2025-00207,2025-03-31,MacBook Pro 16,Electronics,North America,1,2499.0,2499.0
ORD-2025-00208,2025-05-02,27-inch 4K Monitor,Electronics,North America,1,424.15,424.15
ORD-2025-00209,2025-09-27,MacBook Pro 16,Electronics,North America,1,2499.0,2499.0
ORD-2025-00210,2025-09-20,27-inch 4K Monitor,Electronics,Latin America,2,499.0,998.0
ORD-2025-00211,2025-01-23,Ergonomic Chair,Furniture,Asia-Pacific,1,349.0,349.0
ORD-2025-00212,2025-02-01,Wireless Mouse,Office Supplies,Latin America,1,24.65,24.65
ORD-2025-00213,2025-02-07,Noise-Cancelling Headphones,Electronics,Asia-Pacific,2,269.1,538.2
ORD-2025-00214,2025-11-16,Standing Desk,Furniture,Asia-Pacific,1,599.0,599.0
ORD-2025-00215,2025-05-31,27-inch 4K Monitor,Electronics,Latin America,1,499.0,499.0
ORD-2025-00216,2025-12-02,Standing Desk,Furniture,Europe,1,599.0,599.0
ORD-2025-00217,2025-07-31,Dell XPS 15,Electronics,Latin America,1,1899.0,1899.0
ORD-2025-00218,2025-06-10,Dell XPS 15,Electronics,Asia-Pacific,1,1614.15,1614.15
ORD-2025-00219,2025-02-04,MacBook Pro 16,Electronics,North America,1,2249.1,2249.1
ORD-2025-00220,2025-03-08,27-inch 4K Monitor,Electronics,Asia-Pacific,2,499.0,998.0
ORD-2025-00221,2025-12-07,Laser Printer,Electronics,Latin America,3,249.0,747.0
ORD-2025-00222,2025-05-28,Standing Desk,Furniture,Asia-Pacific,1,599.0,599.0
ORD-2025-00223,2025-03-21,Standing Desk,Furniture,Europe,3,599.0,1797.0
ORD-2025-00224,2025-10-12,Dell XPS 15,Electronics,Asia-Pacific,2,1899.0,3798.0
ORD-2025-00225,2025-10-15,Mechanical Keyboard,Electronics,North America,2,119.0,238.0
ORD-2025-00226,2025-12-22,Dell XPS 15,Electronics,Europe,1,1899.0,1899.0
ORD-2025-00227,2025-06-23,Dell XPS 15,Electronics,Europe,3,1899.0,5697.0
ORD-2025-00228,2025-07-25,MacBook Pro 16,Electronics,North America,1,2499.0,2499.0
ORD-2025-00229,2025-07-12,Dell XPS 15,Electronics,Asia-Pacific,1,1899.0,1899.0
ORD-2025-00230,2025-06-16,Ergonomic Chair,Furniture,North America,4,349.0,1396.0
ORD-2025-00231,2025-12-12,MacBook Pro 16,Electronics,Latin America,2,2499.0,4998.0
ORD-2025-00232,2025-08-15,Dell XPS 15,Electronics,Europe,3,1614.15,4842.45
ORD-2025-00233,2025-02-26,Dell XPS 15,Electronics,Latin America,2,1899.0,3798.0
ORD-2025-00234,2025-04-23,Dell XPS 15,Electronics,North America,1,1899.0,1899.0
ORD-2025-00235,2025-04-19,Ergonomic Chair,Furniture,Asia-Pacific,1,296.65,296.65
ORD-2025-00236,2025-08-09,MacBook Pro 16,Electronics,Latin America,2,2249.1,4498.2
ORD-2025-00237,2025-02-06,Dell XPS 15,Electronics,North America,1,1899.0,1899.0
ORD-2025-00238,2025-02-09,Noise-Cancelling Headphones,Electronics,Latin America,2,299.0,598.0
ORD-2025-00239,2025-08-02,Dell XPS 15,Electronics,Latin America,1,1899.0,1899.0
ORD-2025-00240,2025-11-13,27-inch 4K Monitor,Electronics,Asia-Pacific,1,499.0,499.0
ORD-2025-00241,2025-05-05,Dell XPS 15,Electronics,Latin America,2,1899.0,3798.0
ORD-2025-00242,2025-06-08,Ergonomic Chair,Furniture,Europe,1,349.0,349.0
ORD-2025-00243,2025-09-29,27-inch 4K Monitor,Electronics,Asia-Pacific,1,499.0,499.0
ORD-2025-00244,2025-11-27,Ergonomic Chair,Furniture,Europe,1,331.55,331.55
ORD-2025-00245,2025-11-05,MacBook Pro 16,Electronics,North America,1,2499.0,2499.0
ORD-2025-00246,2025-09-10,27-inch 4K Monitor,Electronics,Latin America,2,499.0,998.0
ORD-2025-00247,2025-11-26,Standing Desk,Furniture,Asia-Pacific,3,599.0,1797.0
ORD-2025-00248,2025-03-19,Dell XPS 15,Electronics,Latin America,1,1899.0,1899.0
ORD-2025-00249,2025-05-21,27-inch 4K Monitor,Electronics,Asia-Pacific,2,499.0,998.0
ORD-2025-00250,2025-08-20,MacBook Pro 16,Electronics,Asia-Pacific,3,2499.0,7497.0
ORD-2025-00251,2025-11-11,27-inch 4K Monitor,Electronics,Latin America,1,499.0,499.0
ORD-2025-00252,2025-01-22,Dell XPS 15,Electronics,Europe,1,1899.0,1899.0
ORD-2025-00253,2025-03-19,Laser Printer,Electronics,Latin America,1,249.0,249.0
ORD-2025-00254,2025-06-25,Smart Speaker,Electronics,North America,2,84.55,169.1
ORD-2025-00255,2025-12-29,Dell XPS 15,Electronics,Latin America,2,1899.0,3798.0
ORD-2025-00256,2025-07-06,Dell XPS 15,Electronics,Asia-Pacific,1,1899.0,1899.0
ORD-2025-00257,2025-12-14,27-inch 4K Monitor,Electronics,Asia-Pacific,1,424.15,424.15
ORD-2025-00258,2025-05-26,Dell XPS 15,Electronics,Europe,1,1899.0,1899.0
ORD-2025-00259,2025-03-14,External SSD 1TB,Electronics,Asia-Pacific,5,129.0,645.0
ORD-2025-00260,2025-07-20,MacBook Pro 16,Electronics,North America,1,2499.0,2499.0
ORD-2025-00261,2025-06-18,Ergonomic Chair,Furniture,North America,2,349.0,698.0
ORD-2025-00262,2025-07-05,MacBook Pro 16,Electronics,Asia-Pacific,1,2124.15,2124.15
ORD-2025-00263,2025-04-09,MacBook Pro 16,Electronics,Europe,1,2499.0,2499.0
ORD-2025-00264,2025-09-17,Ergonomic Chair,Furniture,North America,2,349.0,698.0
ORD-2025-00265,2025-11-13,MacBook Pro 16,Electronics,Latin America,1,2374.05,2374.05
ORD-2025-00266,2025-08-13,MacBook Pro 16,Electronics,Asia-Pacific,2,2124.15,4248.3
ORD-2025-00267,2025-11-09,Dell XPS 15,Electronics,Latin America,1,1614.15,1614.15
ORD-2025-00268,2025-04-10,Dell XPS 15,Electronics,Latin America,1,1614.15,1614.15
ORD-2025-00269,2025-09-15,27-inch 4K Monitor,Electronics,Europe,3,499.0,1497.0
ORD-2025-00270,2025-03-12,Noise-Cancelling Headphones,Electronics,North America,2,299.0,598.0
ORD-2025-00271,2025-10-11,External SSD 1TB,Electronics,North America,1,129.0,129.0
ORD-2025-00272,2025-05-20,Dell XPS 15,Electronics,Europe,3,1804.05,5412.15
ORD-2025-00273,2025-08-19,Noise-Cancelling Headphones,Electronics,North America,1,299.0,299.0
ORD-2025-00274,2025-07-11,MacBook Pro 16,Electronics,North America,1,2499.0,2499.0
ORD-2025-00275,2025-11-29,Dell XPS 15,Electronics,Europe,1,1614.15,1614.15
ORD-2025-00276,2025-12-23,Noise-Cancelling Headphones,Electronics,Latin America,1,299.0,299.0
ORD-2025-00277,2025-01-10,Dell XPS 15,Electronics,Europe,2,1899.0,3798.0
ORD-2025-00278,2025-09-28,Dell XPS 15,Electronics,Asia-Pacific,1,1804.05,1804.05
ORD-2025-00279,2025-08-03,Standing Desk,Furniture,Latin America,1,599.0,599.0
ORD-2025-00280,2025-09-13,27-inch 4K Monitor,Electronics,North America,2,499.0,998.0
ORD-2025-00281,2025-03-15,Dell XPS 15,Electronics,North America,2,1614.15,3228.3
ORD-2025-00282,2025-04-06,Standing Desk,Furniture,North America,2,599.0,1198.0
ORD-2025-00283,2025-09-27,27-inch 4K Monitor,Electronics,North America,1,499.0,499.0
ORD-2025-00284,2025-11-22,Dell XPS 15,Electronics,Asia-Pacific,1,1899.0,1899.0
ORD-2025-00285,2025-06-26,MacBook Pro 16,Electronics,North America,3,2499.0,7497.0
ORD-2025-00286,2025-06-20,MacBook Pro 16,Electronics,Asia-Pacific,2,2499.0,4998.0
ORD-2025-00287,2025-03-31,Noise-Cancelling Headphones,Electronics,Latin America,8,299.0,2392.0
ORD-2025-00288,2025-04-04,Ergonomic Chair,Furniture,North America,2,349.0,698.0
ORD-2025-00289,2025-01-19,Dell XPS 15,Electronics,North America,3,1899.0,5697.0
ORD-2025-00290,2025-06-11,External SSD 1TB,Electronics,Latin America,8,129.0,1032.0
ORD-2025-00291,2025-05-10,MacBook Pro 16,Electronics,Europe,1,2499.0,2499.0
ORD-2025-00292,2025-01-25,Noise-Cancelling Headphones,Electronics,Asia-Pacific,1,299.0,299.0
ORD-2025-00293,2025-08-12,Noise-Cancelling Headphones,Electronics,Latin America,4,299.0,1196.0
ORD-2025-00294,2025-04-06,27-inch 4K Monitor,Electronics,Latin America,1,499.0,499.0
ORD-2025-00295,2025-05-17,Ergonomic Chair,Furniture,Latin America,1,349.0,349.0
ORD-2025-00296,2025-04-03,27-inch 4K Monitor,Electronics,Asia-Pacific,1,499.0,499.0
ORD-2025-00297,2025-06-01,Dell XPS 15,Electronics,Latin America,1,1899.0,1899.0
ORD-2025-00298,2025-08-17,MacBook Pro 16,Electronics,Asia-Pacific,2,2499.0,4998.0
ORD-2025-00299,2025-11-24,Smart Speaker,Electronics,North America,1,89.0,89.0
ORD-2025-00300,2025-07-06,27-inch 4K Monitor,Electronics,Europe,5,424.15,2120.75
ORD-2025-00301,2025-01-18,MacBook Pro 16,Electronics,Europe,3,2499.0,7497.0
ORD-2025-00302,2025-07-16,Laser Printer,Electronics,North America,2,249.0,498.0
ORD-2025-00303,2025-07-09,Dell XPS 15,Electronics,North America,2,1899.0,3798.0
ORD-2025-00304,2025-07-23,Dell XPS 15,Electronics,Asia-Pacific,1,1804.05,1804.05
ORD-2025-00305,2025-09-13,27-inch 4K Monitor,Electronics,North America,1,424.15,424.15
ORD-2025-00306,2025-04-20,USB-C Hub,Office Supplies,Asia-Pacific,2,39.0,78.0
ORD-2025-00307,2025-04-13,MacBook Pro 16,Electronics,North America,1,2499.0,2499.0
ORD-2025-00308,2025-08-16,Wireless Mouse,Office Supplies,Asia-Pacific,2,29.0,58.0
ORD-2025-00309,2025-10-09,27-inch 4K Monitor,Electronics,Asia-Pacific,3,499.0,1497.0
ORD-2025-00310,2025-12-25,Standing Desk,Furniture,Asia-Pacific,2,569.05,1138.1
ORD-2025-00311,2025-03-13,MacBook Pro 16,Electronics,Latin America,1,2499.0,2499.0
ORD-2025-00312,2025-07-08,27-inch 4K Monitor,Electronics,Europe,2,449.1,898.2
ORD-2025-00313,2025-07-23,Desk Pad,Office Supplies,Latin America,2,19.0,38.0
ORD-2025-00314,2025-10-22,MacBook Pro 16,Electronics,Asia-Pacific,2,2499.0,4998.0
ORD-2025-00315,2025-12-15,27-inch 4K Monitor,Electronics,Europe,4,499.0,1996.0
ORD-2025-00316,2025-11-24,27-inch 4K Monitor,Electronics,Europe,1,499.0,499.0
ORD-2025-00317,2025-01-29,Noise-Cancelling Headphones,Electronics,Europe,1,284.05,284.05
ORD-2025-00318,2025-06-27,Laser Printer,Electronics,Asia-Pacific,3,224.1,672.3
ORD-2025-00319,2025-03-06,Standing Desk,Furniture,North America,2,569.05,1138.1
ORD-2025-00320,2025-03-29,Standing Desk,Furniture,Asia-Pacific,3,599.0,1797.0
ORD-2025-00321,2025-01-15,MacBook Pro 16,Electronics,Asia-Pacific,2,2499.0,4998.0
ORD-2025-00322,2025-08-02,Standing Desk,Furniture,North America,1,599.0,599.0
ORD-2025-00323,2025-05-29,Standing Desk,Furniture,Asia-Pacific,1,599.0,599.0
ORD-2025-00324,2025-12-17,Dell XPS 15,Electronics,Latin America,1,1614.15,1614.15
ORD-2025-00325,2025-08-01,27-inch 4K Monitor,Electronics,Europe,1,449.1,449.1
ORD-2025-00326,2025-06-26,Smart Speaker,Electronics,Europe,3,89.0,267.0
ORD-2025-00327,2025-02-24,Dell XPS 15,Electronics,Latin America,1,1899.0,1899.0
ORD-2025-00328,2025-03-14,MacBook Pro 16,Electronics,Asia-Pacific,5,2499.0,12495.0
ORD-2025-00329,2025-08-03,MacBook Pro 16,Electronics,Europe,3,2499.0,7497.0
ORD-2025-00330,2025-06-10,MacBook Pro 16,Electronics,Europe,1,2499.0,2499.0
ORD-2025-00331,2025-09-13,Noise-Cancelling Headphones,Electronics,Latin America,1,299.0,299.0
ORD-2025-00332,2025-09-16,27-inch 4K Monitor,Electronics,Europe,1,499.0,499.0
ORD-2025-00333,2025-01-26,Dell XPS 15,Electronics,Latin America,1,1899.0,1899.0
ORD-2025-00334,2025-08-09,MacBook Pro 16,Electronics,Asia-Pacific,2,2499.0,4998.0
ORD-2025-00335,2025-07-07,MacBook Pro 16,Electronics,North America,2,2249.1,4498.2
ORD-2025-00336,2025-02-07,Dell XPS 15,Electronics,Latin America,3,1899.0,5697.0
ORD-2025-00337,2025-03-07,Smart Speaker,Electronics,Latin America,1,89.0,89.0
ORD-2025-00338,2025-10-13,External SSD 1TB,Electronics,Europe,1,129.0,129.0
ORD-2025-00339,2025-09-14,MacBook Pro 16,Electronics,North America,1,2499.0,2499.0
ORD-2025-00340,2025-08-31,27-inch 4K Monitor,Electronics,Europe,2,499.0,998.0
ORD-2025-00341,2025-06-17,External SSD 1TB,Electronics,Asia-Pacific,1,129.0,129.0
ORD-2025-00342,2025-06-03,27-inch 4K Monitor,Electronics,Latin America,2,499.0,998.0
ORD-2025-00343,2025-07-08,Dell XPS 15,Electronics,North America,8,1899.0,15192.0
ORD-2025-00344,2025-12-19,Standing Desk,Furniture,Latin America,1,599.0,599.0
ORD-2025-00345,2025-10-24,27-inch 4K Monitor,Electronics,North America,2,424.15,848.3
ORD-2025-00346,2025-03-17,Noise-Cancelling Headphones,Electronics,Europe,1,299.0,299.0
ORD-2025-00347,2025-02-26,MacBook Pro 16,Electronics,Latin America,1,2374.05,2374.05
ORD-2025-00348,2025-07-30,27-inch 4K Monitor,Electronics,Latin America,4,499.0,1996.0
ORD-2025-00349,2025-02-01,Standing Desk,Furniture,Europe,2,599.0,1198.0
ORD-2025-00350,2025-09-02,27-inch 4K Monitor,Electronics,Asia-Pacific,5,499.0,2495.0
ORD-2025-00351,2025-09-30,Dell XPS 15,Electronics,Asia-Pacific,2,1899.0,3798.0
ORD-2025-00352,2025-12-15,Standing Desk,Furniture,Asia-Pacific,2,569.05,1138.1
ORD-2025-00353,2025-05-23,27-inch 4K Monitor,Electronics,Europe,5,499.0,2495.0
ORD-2025-00354,2025-05-28,Standing Desk,Furniture,Latin America,1,599.0,599.0
ORD-2025-00355,2025-05-21,Dell XPS 15,Electronics,Latin America,4,1899.0,7596.0
ORD-2025-00356,2025-06-26,Laser Printer,Electronics,Europe,1,249.0,249.0
ORD-2025-00357,2025-06-27,External SSD 1TB,Electronics,Asia-Pacific,2,116.1,232.2
ORD-2025-00358,2025-10-15,Standing Desk,Furniture,Europe,1,599.0,599.0
ORD-2025-00359,2025-05-03,MacBook Pro 16,Electronics,Europe,2,2124.15,4248.3
ORD-2025-00360,2025-06-19,Standing Desk,Furniture,North America,2,569.05,1138.1
ORD-2025-00361,2025-07-28,Standing Desk,Furniture,Latin America,1,539.1,539.1
ORD-2025-00362,2025-06-14,Dell XPS 15,Electronics,North America,4,1804.05,7216.2
ORD-2025-00363,2025-10-01,Ergonomic Chair,Furniture,North America,4,331.55,1326.2
ORD-2025-00364,2025-01-19,Wireless Mouse,Office Supplies,Latin America,3,26.1,78.3
ORD-2025-00365,2025-01-20,MacBook Pro 16,Electronics,North America,4,2499.0,9996.0
ORD-2025-00366,2025-08-21,Webcam HD,Electronics,Latin America,4,58.65,234.6
ORD-2025-00367,2025-05-20,MacBook Pro 16,Electronics,North America,1,2499.0,2499.0
ORD-2025-00368,2025-11-28,Dell XPS 15,Electronics,Europe,1,1899.0,1899.0
ORD-2025-00369,2025-06-01,27-inch 4K Monitor,Electronics,Europe,1,499.0,499.0
ORD-2025-00370,2025-07-27,Noise-Cancelling Headphones,Electronics,Asia-Pacific,1,299.0,299.0
ORD-2025-00371,2025-04-05,Smart Speaker,Electronics,Latin America,1,80.1,80.1
ORD-2025-00372,2025-07-16,MacBook Pro 16,Electronics,Asia-Pacific,5,2499.0,12495.0
ORD-2025-00373,2025-10-21,MacBook Pro 16,Electronics,Asia-Pacific,2,2499.0,4998.0
ORD-2025-00374,2025-08-27,Dell XPS 15,Electronics,Latin America,2,1899.0,3798.0
ORD-2025-00375,2025-12-27,Ergonomic Chair,Furniture,North America,2,349.0,698.0
ORD-2025-00376,2025-07-08,Standing Desk,Furniture,Europe,5,599.0,2995.0
ORD-2025-00377,2025-08-21,Ergonomic Chair,Furniture,Asia-Pacific,1,349.0,349.0
ORD-2025-00378,2025-08-30,Ergonomic Chair,Furniture,Europe,3,349.0,1047.0
ORD-2025-00379,2025-11-02,Noise-Cancelling Headphones,Electronics,North America,2,299.0,598.0
ORD-2025-00380,2025-07-05,MacBook Pro 16,Electronics,North America,1,2499.0,2499.0
ORD-2025-00381,2025-09-16,MacBook Pro 16,Electronics,Europe,1,2499.0,2499.0
ORD-2025-00382,2025-08-15,MacBook Pro 16,Electronics,Europe,2,2499.0,4998.0
ORD-2025-00383,2025-09-19,Dell XPS 15,Electronics,North America,1,1899.0,1899.0
ORD-2025-00384,2025-08-22,27-inch 4K Monitor,Electronics,Latin America,2,499.0,998.0
ORD-2025-00385,2025-01-12,Dell XPS 15,Electronics,North America,2,1899.0,3798.0
ORD-2025-00386,2025-01-24,Dell XPS 15,Electronics,North America,2,1899.0,3798.0
ORD-2025-00387,2025-08-30,MacBook Pro 16,Electronics,Latin America,1,2124.15,2124.15
ORD-2025-00388,2025-07-11,Laptop Stand,Office Supplies,Latin America,1,49.0,49.0
ORD-2025-00389,2025-07-13,Dell XPS 15,Electronics,Europe,2,1899.0,3798.0
ORD-2025-00390,2025-04-02,Laptop Stand,Office Supplies,Latin America,2,49.0,98.0
ORD-2025-00391,2025-04-25,Noise-Cancelling Headphones,Electronics,North America,8,299.0,2392.0
ORD-2025-00392,2025-10-06,Dell XPS 15,Electronics,Latin America,3,1709.1,5127.3
ORD-2025-00393,2025-03-21,Dell XPS 15,Electronics,North America,1,1899.0,1899.0
ORD-2025-00394,2025-11-11,Ergonomic Chair,Furniture,North America,1,349.0,349.0
ORD-2025-00395,2025-08-17,27-inch 4K Monitor,Electronics,North America,1,424.15,424.15
ORD-2025-00396,2025-04-30,27-inch 4K Monitor,Electronics,North America,1,499.0,499.0
ORD-2025-00397,2025-04-30,Ergonomic Chair,Furniture,Asia-Pacific,2,349.0,698.0
ORD-2025-00398,2025-06-14,MacBook Pro 16,Electronics,Europe,8,2499.0,19992.0
ORD-2025-00399,2025-07-31,Dell XPS 15,Electronics,North America,2,1899.0,3798.0
ORD-2025-00400,2025-03-31,Standing Desk,Furniture,Latin America,2,539.1,1078.2
ORD-2025-00401,2025-11-26,Standing Desk,Furniture,Asia-Pacific,2,599.0,1198.0
ORD-2025-00402,2025-06-03,Dell XPS 15,Electronics,Latin America,1,1804.05,1804.05
ORD-2025-00403,2025-08-26,External SSD 1TB,Electronics,Latin America,5,129.0,645.0
ORD-2025-00404,2025-03-10,Dell XPS 15,Electronics,Asia-Pacific,1,1899.0,1899.0
ORD-2025-00405,2025-08-19,Noise-Cancelling Headphones,Electronics,North America,2,299.0,598.0
ORD-2025-00406,2025-01-27,Dell XPS 15,Electronics,North America,4,1804.05,7216.2
ORD-2025-00407,2025-09-03,MacBook Pro 16,Electronics,Asia-Pacific,1,2499.0,2499.0
ORD-2025-00408,2025-04-19,External SSD 1TB,Electronics,North America,2,129.0,258.0
ORD-2025-00409,2025-05-05,Standing Desk,Furniture,Europe,1,539.1,539.1
ORD-2025-00410,2025-05-25,Dell XPS 15,Electronics,Asia-Pacific,1,1899.0,1899.0
ORD-2025-00411,2025-09-12,27-inch 4K Monitor,Electronics,Latin America,3,499.0,1497.0
ORD-2025-00412,2025-04-15,Dell XPS 15,Electronics,Latin America,1,1899.0,1899.0
ORD-2025-00413,2025-03-16,MacBook Pro 16,Electronics,Latin America,1,2374.05,2374.05
ORD-2025-00414,2025-07-14,27-inch 4K Monitor,Electronics,Europe,1,499.0,499.0
ORD-2025-00415,2025-12-17,Dell XPS 15,Electronics,Latin America,5,1899.0,9495.0
ORD-2025-00416,2025-09-09,27-inch 4K Monitor,Electronics,Asia-Pacific,1,499.0,499.0
ORD-2025-00417,2025-09-08,MacBook Pro 16,Electronics,North America,2,2499.0,4998.0
ORD-2025-00418,2025-02-08,Laser Printer,Electronics,North America,3,249.0,747.0
ORD-2025-00419,2025-11-19,MacBook Pro 16,Electronics,Europe,1,2499.0,2499.0
ORD-2025-00420,2025-07-11,MacBook Pro 16,Electronics,Latin America,2,2124.15,4248.3
ORD-2025-00421,2025-01-07,MacBook Pro 16,Electronics,Asia-Pacific,2,2124.15,4248.3
ORD-2025-00422,2025-04-02,MacBook Pro 16,Electronics,North America,2,2249.1,4498.2
ORD-2025-00423,2025-07-01,Dell XPS 15,Electronics,Latin America,1,1899.0,1899.0
ORD-2025-00424,2025-08-24,27-inch 4K Monitor,Electronics,Europe,1,499.0,499.0
ORD-2025-00425,2025-02-11,Standing Desk,Furniture,North America,1,599.0,599.0
ORD-2025-00426,2025-10-10,27-inch 4K Monitor,Electronics,North America,2,424.15,848.3
ORD-2025-00427,2025-11-27,Ergonomic Chair,Furniture,North America,4,349.0,1396.0
ORD-2025-00428,2025-04-28,MacBook Pro 16,Electronics,Latin America,1,2499.0,2499.0
ORD-2025-00429,2025-12-17,External SSD 1TB,Electronics,North America,1,129.0,129.0
ORD-2025-00430,2025-01-09,Mechanical Keyboard,Electronics,Europe,3,119.0,357.0
ORD-2025-00431,2025-07-23,External SSD 1TB,Electronics,Asia-Pacific,1,109.65,109.65
ORD-2025-00432,2025-12-13,Noise-Cancelling Headphones,Electronics,Asia-Pacific,1,299.0,299.0
ORD-2025-00433,2025-12-19,Ergonomic Chair,Furniture,Asia-Pacific,1,349.0,349.0
ORD-2025-00434,2025-02-08,Dell XPS 15,Electronics,Latin America,5,1899.0,9495.0
ORD-2025-00435,2025-11-21,Dell XPS 15,Electronics,Latin America,1,1899.0,1899.0
ORD-2025-00436,2025-07-12,Dell XPS 15,Electronics,Latin America,1,1899.0,1899.0
ORD-2025-00437,2025-05-07,Standing Desk,Furniture,North America,1,599.0,599.0
ORD-2025-00438,2025-11-21,MacBook Pro 16,Electronics,Latin America,1,2499.0,2499.0
ORD-2025-00439,2025-06-07,Dell XPS 15,Electronics,Asia-Pacific,1,1614.15,1614.15
ORD-2025-00440,2025-08-18,27-inch 4K Monitor,Electronics,Latin America,1,499.0,499.0
ORD-2025-00441,2025-11-02,27-inch 4K Monitor,Electronics,Asia-Pacific,3,424.15,1272.45
ORD-2025-00442,2025-07-18,Ergonomic Chair,Furniture,Europe,2,296.65,593.3
ORD-2025-00443,2025-03-28,MacBook Pro 16,Electronics,Asia-Pacific,1,2374.05,2374.05
ORD-2025-00444,2025-08-11,Dell XPS 15,Electronics,Asia-Pacific,1,1709.1,1709.1
ORD-2025-00445,2025-05-07,Ergonomic Chair,Furniture,Latin America,2,349.0,698.0
ORD-2025-00446,2025-03-11,Dell XPS 15,Electronics,Latin America,1,1899.0,1899.0
ORD-2025-00447,2025-06-18,Dell XPS 15,Electronics,Latin America,3,1899.0,5697.0
ORD-2025-00448,2025-11-01,MacBook Pro 16,Electronics,Asia-Pacific,2,2499.0,4998.0
ORD-2025-00449,2025-09-03,Dell XPS 15,Electronics,Latin America,5,1614.15,8070.75
ORD-2025-00450,2025-10-22,Ergonomic Chair,Furniture,Asia-Pacific,1,349.0,349.0
ORD-2025-00451,2025-07-21,Dell XPS 15,Electronics,Europe,2,1899.0,3798.0
ORD-2025-00452,2025-12-16,Ergonomic Chair,Furniture,North America,5,349.0,1745.0
ORD-2025-00453,2025-12-29,MacBook Pro 16,Electronics,Asia-Pacific,3,2124.15,6372.45
ORD-2025-00454,2025-12-11,27-inch 4K Monitor,Electronics,Asia-Pacific,1,499.0,499.0
ORD-2025-00455,2025-08-05,Ergonomic Chair,Furniture,North America,1,349.0,349.0
ORD-2025-00456,2025-10-26,Dell XPS 15,Electronics,Latin America,2,1899.0,3798.0
ORD-2025-00457,2025-07-04,Standing Desk,Furniture,North America,1,539.1,539.1
ORD-2025-00458,2025-03-27,Standing Desk,Furniture,North America,2,599.0,1198.0
ORD-2025-00459,2025-11-28,Dell XPS 15,Electronics,Asia-Pacific,5,1899.0,9495.0
ORD-2025-00460,2025-01-06,MacBook Pro 16,Electronics,Europe,2,2499.0,4998.0
ORD-2025-00461,2025-10-25,Standing Desk,Furniture,Europe,1,599.0,599.0
ORD-2025-00462,2025-12-14,27-inch 4K Monitor,Electronics,Europe,1,499.0,499.0
ORD-2025-00463,2025-06-01,Dell XPS 15,Electronics,North America,1,1899.0,1899.0
ORD-2025-00464,2025-03-14,Dell XPS 15,Electronics,Asia-Pacific,1,1614.15,1614.15
ORD-2025-00465,2025-06-28,27-inch 4K Monitor,Electronics,Latin America,2,499.0,998.0
ORD-2025-00466,2025-02-04,Dell XPS 15,Electronics,North America,1,1899.0,1899.0
ORD-2025-00467,2025-02-25,Standing Desk,Furniture,Europe,4,599.0,2396.0
ORD-2025-00468,2025-09-22,MacBook Pro 16,Electronics,Europe,1,2499.0,2499.0
ORD-2025-00469,2025-08-25,MacBook Pro 16,Electronics,Latin America,2,2124.15,4248.3
ORD-2025-00470,2025-07-22,MacBook Pro 16,Electronics,Europe,1,2499.0,2499.0
ORD-2025-00471,2025-01-03,Standing Desk,Furniture,Europe,1,599.0,599.0
ORD-2025-00472,2025-02-02,27-inch 4K Monitor,Electronics,Europe,1,499.0,499.0
ORD-2025-00473,2025-05-15,Standing Desk,Furniture,Latin America,2,599.0,1198.0
ORD-2025-00474,2025-11-02,Dell XPS 15,Electronics,Latin America,2,1899.0,3798.0
ORD-2025-00475,2025-08-23,Standing Desk,Furniture,Asia-Pacific,4,599.0,2396.0
ORD-2025-00476,2025-12-11,MacBook Pro 16,Electronics,North America,1,2249.1,2249.1
ORD-2025-00477,2025-12-22,MacBook Pro 16,Electronics,Latin America,1,2124.15,2124.15
ORD-2025-00478,2025-08-05,MacBook Pro 16,Electronics,Europe,2,2499.0,4998.0
ORD-2025-00479,2025-03-13,MacBook Pro 16,Electronics,Latin America,2,2499.0,4998.0
ORD-2025-00480,2025-01-05,27-inch 4K Monitor,Electronics,Europe,3,499.0,1497.0
ORD-2025-00481,2025-09-16,Standing Desk,Furniture,Latin America,2,599.0,1198.0
ORD-2025-00482,2025-08-16,27-inch 4K Monitor,Electronics,North America,2,499.0,998.0
ORD-2025-00483,2025-04-23,Dell XPS 15,Electronics,Asia-Pacific,1,1614.15,1614.15
ORD-2025-00484,2025-10-17,Ergonomic Chair,Furniture,Latin America,2,349.0,698.0
ORD-2025-00485,2025-05-18,Ergonomic Chair,Furniture,Asia-Pacific,2,349.0,698.0
ORD-2025-00486,2025-08-14,27-inch 4K Monitor,Electronics,Latin America,1,499.0,499.0
ORD-2025-00487,2025-05-07,Dell XPS 15,Electronics,North America,1,1899.0,1899.0
ORD-2025-00488,2025-02-14,Dell XPS 15,Electronics,North America,3,1709.1,5127.3
ORD-2025-00489,2025-12-30,Standing Desk,Furniture,Latin America,1,569.05,569.05
ORD-2025-00490,2025-04-16,Ergonomic Chair,Furniture,Asia-Pacific,2,349.0,698.0
ORD-2025-00491,2025-03-28,Dell XPS 15,Electronics,Asia-Pacific,1,1899.0,1899.0
ORD-2025-00492,2025-03-11,Mechanical Keyboard,Electronics,Latin America,4,119.0,476.0
ORD-2025-00493,2025-12-02,MacBook Pro 16,Electronics,Europe,1,2499.0,2499.0
ORD-2025-00494,2025-05-07,Ergonomic Chair,Furniture,Latin America,1,349.0,349.0
ORD-2025-00495,2025-05-18,Standing Desk,Furniture,Latin America,1,599.0,599.0
ORD-2025-00496,2025-02-17,Dell XPS 15,Electronics,Asia-Pacific,2,1899.0,3798.0
ORD-2025-00497,2025-08-21,Laser Printer,Electronics,Asia-Pacific,2,249.0,498.0
ORD-2025-00498,2025-02-17,Ergonomic Chair,Furniture,Latin America,2,349.0,698.0
ORD-2025-00499,2025-02-02,Ergonomic Chair,Furniture,Latin America,1,349.0,349.0
ORD-2025-00500,2025-04-19,27-inch 4K Monitor,Electronics,Asia-Pacific,3,499.0,1497.0
ORD-2025-00501,2025-10-23,MacBook Pro 16,Electronics,Latin America,3,2499.0,7497.0
ORD-2025-00502,2025-01-25,MacBook Pro 16,Electronics,Latin America,1,2499.0,2499.0
ORD-2025-00503,2025-03-22,Dell XPS 15,Electronics,North America,10,1899.0,18990.0
ORD-2025-00504,2025-12-19,External SSD 1TB,Electronics,Asia-Pacific,1,129.0,129.0
ORD-2025-00505,2025-05-21,MacBook Pro 16,Electronics,Asia-Pacific,1,2499.0,2499.0
ORD-2025-00506,2025-11-29,MacBook Pro 16,Electronics,Latin America,2,2499.0,4998.0
ORD-2025-00507,2025-04-30,Dell XPS 15,Electronics,North America,2,1614.15,3228.3
ORD-2025-00508,2025-02-09,MacBook Pro 16,Electronics,Europe,2,2499.0,4998.0
ORD-2025-00509,2025-01-05,Standing Desk,Furniture,North America,8,599.0,4792.0
ORD-2025-00510,2025-03-09,27-inch 4K Monitor,Electronics,Europe,1,499.0,499.0
ORD-2025-00511,2025-02-22,MacBook Pro 16,Electronics,Asia-Pacific,4,2374.05,9496.2
ORD-2025-00512,2025-11-25,Laptop Stand,Office Supplies,Europe,1,49.0,49.0
ORD-2025-00513,2025-11-09,Standing Desk,Furniture,Latin America,1,569.05,569.05
ORD-2025-00514,2025-07-30,Standing Desk,Furniture,Latin America,3,599.0,1797.0
ORD-2025-00515,2025-03-13,Ergonomic Chair,Furniture,Latin America,1,349.0,349.0
ORD-2025-00516,2025-03-13,MacBook Pro 16,Electronics,North America,1,2499.0,2499.0
ORD-2025-00517,2025-11-08,Dell XPS 15,Electronics,North America,3,1899.0,5697.0
ORD-2025-00518,2025-06-04,MacBook Pro 16,Electronics,Europe,2,2499.0,4998.0
ORD-2025-00519,2025-05-03,27-inch 4K Monitor,Electronics,North America,1,499.0,499.0
ORD-2025-00520,2025-02-06,27-inch 4K Monitor,Electronics,North America,8,499.0,3992.0
ORD-2025-00521,2025-03-09,Dell XPS 15,Electronics,Latin America,1,1899.0,1899.0
ORD-2025-00522,2025-08-30,Laser Printer,Electronics,North America,1,224.1,224.1
ORD-2025-00523,2025-04-21,MacBook Pro 16,Electronics,North America,5,2499.0,12495.0
ORD-2025-00524,2025-05-27,Standing Desk,Furniture,Latin America,1,599.0,599.0
ORD-2025-00525,2025-11-24,27-inch 4K Monitor,Electronics,Europe,1,499.0,499.0
ORD-2025-00526,2025-09-19,External SSD 1TB,Electronics,Europe,2,129.0,258.0
ORD-2025-00527,2025-11-21,Ergonomic Chair,Furniture,North America,1,349.0,349.0
ORD-2025-00528,2025-05-03,MacBook Pro 16,Electronics,North America,4,2499.0,9996.0
ORD-2025-00529,2025-06-08,Standing Desk,Furniture,Europe,1,599.0,599.0
ORD-2025-00530,2025-12-26,MacBook Pro 16,Electronics,Latin America,5,2499.0,12495.0
ORD-2025-00531,2025-05-13,MacBook Pro 16,Electronics,Europe,2,2499.0,4998.0
ORD-2025-00532,2025-03-02,Ergonomic Chair,Furniture,North America,1,349.0,349.0
ORD-2025-00533,2025-09-26,MacBook Pro 16,Electronics,North America,1,2499.0,2499.0
ORD-2025-00534,2025-01-29,27-inch 4K Monitor,Electronics,Europe,1,499.0,499.0
ORD-2025-00535,2025-10-21,Standing Desk,Furniture,North America,1,599.0,599.0
ORD-2025-00536,2025-01-23,Noise-Cancelling Headphones,Electronics,North America,1,299.0,299.0
ORD-2025-00537,2025-07-16,External SSD 1TB,Electronics,Europe,5,129.0,645.0
ORD-2025-00538,2025-10-11,Ergonomic Chair,Furniture,Latin America,1,314.1,314.1
ORD-2025-00539,2025-05-19,Noise-Cancelling Headphones,Electronics,Asia-Pacific,1,299.0,299.0
ORD-2025-00540,2025-01-27,MacBook Pro 16,Electronics,North America,5,2124.15,10620.75
ORD-2025-00541,2025-05-25,Ergonomic Chair,Furniture,Asia-Pacific,1,349.0,349.0
ORD-2025-00542,2025-01-05,Dell XPS 15,Electronics,Asia-Pacific,2,1899.0,3798.0
ORD-2025-00543,2025-11-15,MacBook Pro 16,Electronics,Asia-Pacific,2,2499.0,4998.0
ORD-2025-00544,2025-04-11,Ergonomic Chair,Furniture,Europe,1,349.0,349.0
ORD-2025-00545,2025-01-13,MacBook Pro 16,Electronics,Asia-Pacific,2,2499.0,4998.0
ORD-2025-00546,2025-01-05,Laser Printer,Electronics,North America,3,249.0,747.0
ORD-2025-00547,2025-06-07,MacBook Pro 16,Electronics,Europe,1,2499.0,2499.0
ORD-2025-00548,2025-03-14,Standing Desk,Furniture,North America,1,509.15,509.15
ORD-2025-00549,2025-12-25,Noise-Cancelling Headphones,Electronics,Latin America,8,299.0,2392.0
ORD-2025-00550,2025-09-16,MacBook Pro 16,Electronics,Latin America,1,2499.0,2499.0
ORD-2025-00551,2025-08-11,Standing Desk,Furniture,Europe,1,539.1,539.1
ORD-2025-00552,2025-07-21,Standing Desk,Furniture,Asia-Pacific,1,599.0,599.0
ORD-2025-00553,2025-04-14,MacBook Pro 16,Electronics,North America,1,2124.15,2124.15
ORD-2025-00554,2025-06-10,Dell XPS 15,Electronics,Asia-Pacific,5,1709.1,8545.5
ORD-2025-00555,2025-08-26,Dell XPS 15,Electronics,North America,1,1899.0,1899.0
ORD-2025-00556,2025-06-05,Noise-Cancelling Headphones,Electronics,North America,1,299.0,299.0
ORD-2025-00557,2025-03-17,MacBook Pro 16,Electronics,Europe,5,2499.0,12495.0
ORD-2025-00558,2025-01-26,Standing Desk,Furniture,Asia-Pacific,3,509.15,1527.45
ORD-2025-00559,2025-08-20,27-inch 4K Monitor,Electronics,Europe,1,474.05,474.05
ORD-2025-00560,2025-03-04,MacBook Pro 16,Electronics,Europe,1,2499.0,2499.0
ORD-2025-00561,2025-07-10,Standing Desk,Furniture,North America,2,599.0,1198.0
ORD-2025-00562,2025-01-12,Wireless Mouse,Office Supplies,Europe,4,29.0,116.0
ORD-2025-00563,2025-03-07,MacBook Pro 16,Electronics,Asia-Pacific,1,2499.0,2499.0
ORD-2025-00564,2025-01-26,MacBook Pro 16,Electronics,Latin America,3,2499.0,7497.0
ORD-2025-00565,2025-01-16,Dell XPS 15,Electronics,Latin America,1,1804.05,1804.05
ORD-2025-00566,2025-05-21,Dell XPS 15,Electronics,Europe,1,1899.0,1899.0
ORD-2025-00567,2025-05-06,Standing Desk,Furniture,Latin America,1,599.0,599.0
ORD-2025-00568,2025-02-01,MacBook Pro 16,Electronics,Latin America,1,2374.05,2374.05
ORD-2025-00569,2025-11-19,USB-C Hub,Office Supplies,North America,8,39.0,312.0
ORD-2025-00570,2025-07-03,27-inch 4K Monitor,Electronics,Latin America,1,499.0,499.0
ORD-2025-00571,2025-06-14,Dell XPS 15,Electronics,Europe,1,1899.0,1899.0
ORD-2025-00572,2025-01-16,Noise-Cancelling Headphones,Electronics,Asia-Pacific,1,299.0,299.0
ORD-2025-00573,2025-09-29,Dell XPS 15,Electronics,Europe,8,1804.05,14432.4
ORD-2025-00574,2025-05-17,27-inch 4K Monitor,Electronics,North America,3,499.0,1497.0
ORD-2025-00575,2025-10-22,Noise-Cancelling Headphones,Electronics,Latin America,1,299.0,299.0
ORD-2025-00576,2025-03-30,MacBook Pro 16,Electronics,Asia-Pacific,3,2499.0,7497.0
ORD-2025-00577,2025-10-30,MacBook Pro 16,Electronics,Asia-Pacific,5,2499.0,12495.0
ORD-2025-00578,2025-10-16,Laser Printer,Electronics,Latin America,2,249.0,498.0
ORD-2025-00579,2025-02-16,MacBook Pro 16,Electronics,Europe,1,2499.0,2499.0
ORD-2025-00580,2025-06-19,External SSD 1TB,Electronics,Europe,3,129.0,387.0
ORD-2025-00581,2025-04-01,External SSD 1TB,Electronics,Asia-Pacific,1,122.55,122.55
ORD-2025-00582,2025-02-26,Noise-Cancelling Headphones,Electronics,Asia-Pacific,5,299.0,1495.0
ORD-2025-00583,2025-12-06,Dell XPS 15,Electronics,North America,1,1899.0,1899.0
ORD-2025-00584,2025-03-22,Ergonomic Chair,Furniture,Latin America,3,349.0,1047.0
ORD-2025-00585,2025-11-29,Dell XPS 15,Electronics,Asia-Pacific,1,1899.0,1899.0
ORD-2025-00586,2025-03-31,Dell XPS 15,Electronics,Asia-Pacific,1,1899.0,1899.0
ORD-2025-00587,2025-12-26,Laser Printer,Electronics,Latin America,3,249.0,747.0
ORD-2025-00588,2025-10-18,MacBook Pro 16,Electronics,Asia-Pacific,4,2499.0,9996.0
ORD-2025-00589,2025-04-24,Standing Desk,Furniture,North America,5,599.0,2995.0
ORD-2025-00590,2025-05-02,Dell XPS 15,Electronics,Asia-Pacific,1,1899.0,1899.0
ORD-2025-00591,2025-02-15,Noise-Cancelling Headphones,Electronics,Asia-Pacific,1,284.05,284.05
ORD-2025-00592,2025-12-21,MacBook Pro 16,Electronics,Asia-Pacific,3,2499.0,7497.0
ORD-2025-00593,2025-01-25,Dell XPS 15,Electronics,Latin America,5,1899.0,9495.0
ORD-2025-00594,2025-09-10,Noise-Cancelling Headphones,Electronics,Asia-Pacific,2,254.15,508.3
ORD-2025-00595,2025-10-23,Standing Desk,Furniture,Europe,1,599.0,599.0
ORD-2025-00596,2025-05-31,MacBook Pro 16,Electronics,Asia-Pacific,5,2374.05,11870.25
ORD-2025-00597,2025-07-12,MacBook Pro 16,Electronics,North America,2,2499.0,4998.0
ORD-2025-00598,2025-02-17,Dell XPS 15,Electronics,Latin America,2,1899.0,3798.0
ORD-2025-00599,2025-12-01,MacBook Pro 16,Electronics,Latin America,1,2374.05,2374.05
ORD-2025-00600,2025-04-08,Dell XPS 15,Electronics,Asia-Pacific,2,1899.0,3798.0
